일자,기관 합계,기타법인,개인,외국인 합계,전체
2022.6.30,2278310,139093,8864494,3961612,1.52E+07
2022.6.29,2235298,87664,8339796,3275319,1.39E+07
2022.6.28,1722058,79299,8876478,2972286,1.37E+07
2022.6.27,2149621,106607,9054069,3060314,1.44E+07
2022.6.24,1840491,99917,9464034,3353672,1.48E+07
2022.6.23,2594226,133421,1.19E+07,4480875,1.91E+07
2022.6.22,2195883,124328,1.08E+07,3685489,1.68E+07
2022.6.21,2054388,96484,9371203,2843282,1.44E+07
2022.6.20,2330629,128844,1.06E+07,3327679,1.63E+07
2022.6.17,2557375,104952,1.04E+07,5746422,1.88E+07
2022.6.16,2435176,119433,1.13E+07,3038165,1.69E+07
2022.6.15,2347253,122716,1.21E+07,3824697,1.84E+07
2022.6.14,2567850,93814,1.19E+07,3943056,1.85E+07
2022.6.13,2467216,726519,1.21E+07,3533040,1.88E+07
2022.6.10,2558827,99982,9660822,3367052,1.57E+07
2022.6.9,3417954,107663,1.03E+07,4652925,1.85E+07
2022.6.8,1797178,86306,9987977,3336407,1.52E+07
2022.6.7,2504415,96605,1.01E+07,3418018,1.61E+07
2022.6.3,1415842,124732,1.04E+07,2571315,1.45E+07
2022.6.2,2205445,84273,8852996,3342740,1.45E+07
2022.5.31,2739205,141448,1.09E+07,7527002,2.13E+07
2022.5.30,1580058,192428,9972245,2451468,1.42E+07
2022.5.27,1514946,251366,1.10E+07,2898317,1.56E+07
2022.5.26,2473905,149339,1.05E+07,2933879,1.60E+07
2022.5.25,2007009,144040,1.05E+07,3078439,1.57E+07
2022.5.24,2236977,136707,1.16E+07,2957899,1.69E+07
2022.5.23,1873227,116349,1.12E+07,2914754,1.61E+07
2022.5.20,1655726,116988,1.30E+07,3098180,1.78E+07
2022.5.19,2624912,106227,1.20E+07,3547351,1.83E+07
2022.5.18,2561252,97561,1.16E+07,3435812,1.77E+07
2022.5.17,1734637,283699,1.06E+07,2985093,1.56E+07
2022.5.16,1979514,95618,9988737,2787139,1.49E+07
2022.5.13,1651078,137403,1.25E+07,3403942,1.77E+07
2022.5.12,2948540,102934,1.23E+07,4061420,1.94E+07
2022.5.11,2109087,86375,9967212,3096190,1.53E+07
2022.5.10,2587398,105224,1.18E+07,3956531,1.85E+07
2022.5.9,2086087,111434,1.09E+07,2824558,1.59E+07
2022.5.6,1883943,94313,1.10E+07,3798303,1.68E+07
2022.5.4,1873620,97875,1.26E+07,2606150,1.71E+07
2022.5.3,2075578,122232,1.29E+07,2472210,1.76E+07
2022.5.2,2244183,115163,1.12E+07,2356734,1.59E+07
2022.4.29,2324477,133186,1.39E+07,3783319,2.02E+07
2022.4.28,2163877,133621,1.52E+07,3885444,2.14E+07
2022.4.27,2659253,134626,1.53E+07,3878619,2.20E+07
2022.4.26,1729132,120819,1.39E+07,3736116,1.94E+07
2022.4.25,1972528,180752,1.46E+07,3675522,2.04E+07
2022.4.22,2447642,172014,1.38E+07,3204443,1.96E+07
2022.4.21,1743782,140056,1.49E+07,3048029,1.98E+07
2022.4.20,2272103,143721,1.38E+07,3124371,1.94E+07
2022.4.19,1587569,136564,1.32E+07,2567184,1.75E+07
2022.4.18,1666942,103075,1.12E+07,2140585,1.51E+07
2022.4.15,2472021,99450,1.11E+07,2499858,1.62E+07
2022.4.14,2933869,127991,1.21E+07,2917715,1.81E+07
2022.4.13,1804181,119311,1.19E+07,2696317,1.65E+07
2022.4.12,2050082,100578,1.14E+07,3335422,1.69E+07
2022.4.11,1999509,102706,1.05E+07,2631605,1.52E+07
2022.4.8,2041460,120387,1.22E+07,3154741,1.75E+07
2022.4.7,2807897,135047,1.37E+07,4029311,2.06E+07
2022.4.6,2505386,128980,1.38E+07,3557815,2.00E+07
2022.4.5,1907484,123045,1.38E+07,2558166,1.84E+07
2022.4.4,1785630,157145,1.20E+07,2559635,1.65E+07
2022.4.1,2459357,143744,1.30E+07,3502174,1.91E+07
2022.3.31,1689750,115686,1.35E+07,3713032,1.90E+07
2022.3.30,1901327,160073,1.49E+07,3358756,2.03E+07
2022.3.29,1744016,186120,1.50E+07,3454930,2.04E+07
2022.3.28,1968886,154390,1.38E+07,3387371,1.94E+07
2022.3.25,2071131,142930,1.58E+07,4094381,2.21E+07
2022.3.24,3532206,165662,1.62E+07,4415021,2.43E+07
2022.3.23,1971349,155999,1.72E+07,3777731,2.31E+07
2022.3.22,2045040,125791,1.31E+07,3921823,1.92E+07
2022.3.21,1973560,103598,1.16E+07,3424981,1.71E+07
2022.3.18,2101220,169654,1.19E+07,5740808,1.99E+07
2022.3.17,2371099,229860,1.46E+07,4523087,2.17E+07
2022.3.16,1553414,131598,1.18E+07,3586623,1.71E+07
2022.3.15,1648693,99605,1.15E+07,4162789,1.74E+07
2022.3.14,2115182,137222,1.40E+07,4919837,2.12E+07
2022.3.11,2498644,105946,1.31E+07,4494305,2.02E+07
2022.3.10,2797768,114802,1.24E+07,5818354,2.11E+07
2022.3.8,2186345,99987,1.24E+07,4446930,1.91E+07
2022.3.7,2706307,110523,1.12E+07,4431432,1.84E+07
2022.3.4,2092619,97367,1.35E+07,4077711,1.98E+07
2022.3.3,1852567,136027,1.35E+07,3521620,1.90E+07
2022.3.2,2070898,110489,1.15E+07,4169588,1.79E+07
2022.2.28,2309402,115243,1.18E+07,5640793,1.98E+07
2022.2.25,1883209,112539,1.50E+07,3902306,2.09E+07
2022.2.24,2449304,377778,1.51E+07,4596097,2.25E+07
2022.2.23,1699851,84355,1.10E+07,3208267,1.60E+07
2022.2.22,2155262,92447,1.19E+07,3509477,1.77E+07
2022.2.21,1983882,80383,9034345,2580027,1.37E+07
2022.2.18,1827796,103076,9894528,2991197,1.48E+07
2022.2.17,2426564,122411,1.41E+07,4075225,2.07E+07
2022.2.16,1776637,106617,1.04E+07,3366387,1.57E+07
2022.2.15,2144348,101686,1.08E+07,3391671,1.64E+07
2022.2.14,2320947,101376,1.13E+07,4580658,1.83E+07
2022.2.11,2948269,99104,1.15E+07,4128230,1.87E+07
2022.2.10,3532093,112230,1.24E+07,4417124,2.05E+07
2022.2.9,2053487,121249,1.14E+07,3505580,1.71E+07
2022.2.8,2561927,132681,1.44E+07,4294375,2.14E+07
2022.2.7,3244355,122352,1.20E+07,3961859,1.93E+07
2022.2.4,2240729,136035,1.47E+07,3471095,2.05E+07
2022.2.3,2482103,145843,1.43E+07,4847097,2.18E+07
2022.1.28,2846327,145973,1.38E+07,6080888,2.28E+07
2022.1.27,4303365,235360,1.76E+07,7443619,2.96E+07
2022.1.26,2251439,97912,1.16E+07,3871323,1.79E+07
2022.1.25,2620472,144426,1.32E+07,4557693,2.06E+07
2022.1.24,2073305,140779,1.13E+07,3751244,1.72E+07
2022.1.21,2787441,146433,1.16E+07,4130748,1.87E+07
2022.1.20,2283666,102440,1.01E+07,3578999,1.61E+07
2022.1.19,2423881,106835,1.12E+07,3671990,1.74E+07
2022.1.18,2329801,119479,1.24E+07,3410138,1.82E+07
2022.1.17,2227875,123777,1.21E+07,3838243,1.83E+07
2022.1.14,2663493,115403,1.33E+07,3986031,2.01E+07
2022.1.13,3481133,133402,1.40E+07,3894373,2.15E+07
2022.1.12,2317927,132512,1.45E+07,3963963,2.09E+07
2022.1.11,2506905,123647,1.36E+07,4168930,2.04E+07
2022.1.10,2719979,131062,1.30E+07,4117221,1.99E+07
2022.1.7,2639081,213187,1.36E+07,3999867,2.04E+07
2022.1.6,3493445,204377,1.71E+07,4476083,2.53E+07
2022.1.5,4521141,192820,1.79E+07,4893401,2.75E+07
2022.1.4,3135524,178401,1.54E+07,3401830,2.21E+07
2022.1.3,2820216,143976,1.26E+07,2741425,1.83E+07
2021.12.30,2971897,158774,1.26E+07,3145163,1.88E+07
2021.12.29,4473019,203401,1.41E+07,3774724,2.26E+07
2021.12.28,2215475,327867,1.99E+07,2899558,2.53E+07
2021.12.27,1527639,207020,1.44E+07,2175474,1.83E+07
2021.12.24,1469472,184624,1.56E+07,2222191,1.95E+07
2021.12.23,1687922,200238,1.64E+07,2947272,2.12E+07
2021.12.22,1892246,173681,1.47E+07,3001319,1.98E+07
2021.12.21,1775195,447175,1.53E+07,3400660,2.09E+07
2021.12.20,2218502,142958,1.32E+07,3599680,1.92E+07
2021.12.17,2138222,155001,1.42E+07,5445783,2.20E+07
2021.12.16,2017184,205139,1.53E+07,3461661,2.10E+07
2021.12.15,1800440,120184,1.35E+07,3243158,1.87E+07
2021.12.14,2115974,121193,1.45E+07,3453636,2.02E+07
2021.12.13,2023551,150624,1.44E+07,3573991,2.01E+07
2021.12.10,2503022,146788,1.33E+07,3504660,1.95E+07
2021.12.9,4702805,613821,1.37E+07,4731707,2.37E+07
2021.12.8,2565796,221276,1.61E+07,4293840,2.32E+07
2021.12.7,2358447,161194,1.48E+07,4085975,2.14E+07
2021.12.6,2463389,125322,1.32E+07,4285696,2.01E+07
2021.12.3,2697346,132403,1.40E+07,4050243,2.09E+07
2021.12.2,3216617,211102,1.63E+07,4548549,2.43E+07
2021.12.1,3122966,181030,1.66E+07,4810343,2.47E+07
2021.11.30,3529650,173659,1.95E+07,1.21E+07,3.53E+07
2021.11.29,2674224,208768,1.88E+07,4417529,2.61E+07
2021.11.26,2540213,246609,1.89E+07,4309006,2.60E+07
2021.11.25,2290023,145195,1.51E+07,3455830,2.10E+07
2021.11.24,2929182,132464,1.55E+07,3616927,2.22E+07
2021.11.23,3102098,149950,1.52E+07,3999435,2.25E+07
2021.11.22,2920384,214551,1.99E+07,4421023,2.75E+07
2021.11.19,2365556,199560,1.80E+07,3823537,2.44E+07
2021.11.18,2234320,221303,1.84E+07,4194818,2.50E+07
2021.11.17,2851271,244166,1.94E+07,4333701,2.68E+07
2021.11.16,2938475,195036,1.73E+07,4107747,2.45E+07
2021.11.15,2041964,169502,1.72E+07,3726169,2.31E+07
2021.11.12,2045019,147867,1.81E+07,4114080,2.44E+07
2021.11.11,3172624,224608,1.86E+07,4440976,2.64E+07
2021.11.10,2282326,216133,1.74E+07,4160115,2.40E+07
2021.11.9,2024822,141060,1.54E+07,3752304,2.13E+07
2021.11.8,2389920,143596,1.44E+07,3815402,2.08E+07
2021.11.5,2577493,139231,1.71E+07,4085682,2.39E+07
2021.11.4,2643047,171383,1.90E+07,4226281,2.61E+07
2021.11.3,2552405,154876,1.60E+07,3978512,2.27E+07
2021.11.2,1815922,163255,1.52E+07,3274685,2.05E+07
2021.11.1,1738982,171839,1.46E+07,3797006,2.04E+07
2021.10.29,2473074,134738,1.39E+07,4926380,2.15E+07
2021.10.28,2736054,208602,1.62E+07,4666200,2.38E+07
2021.10.27,2088410,245052,1.54E+07,3731893,2.14E+07
2021.10.26,1532429,154005,1.43E+07,3489519,1.95E+07
2021.10.25,1990836,142177,1.37E+07,3442095,1.92E+07
2021.10.22,1792454,143797,1.48E+07,3095847,1.98E+07
2021.10.21,2214404,180985,1.58E+07,4195449,2.24E+07
2021.10.20,2286399,182980,1.66E+07,3924236,2.30E+07
2021.10.19,1837899,192460,1.70E+07,3374522,2.24E+07
2021.10.18,2319257,190813,1.43E+07,3625266,2.04E+07
2021.10.15,2017867,159223,1.75E+07,4585759,2.43E+07
2021.10.14,2875045,172581,1.57E+07,4390458,2.32E+07
2021.10.13,2142237,125791,1.50E+07,4370955,2.16E+07
2021.10.12,2661377,114955,1.33E+07,5348632,2.14E+07
2021.10.8,2910222,133832,1.63E+07,4505692,2.38E+07
2021.10.7,2281498,138359,1.58E+07,4390781,2.26E+07
2021.10.6,3043421,175144,2.03E+07,5420131,2.90E+07
2021.10.5,3013305,170586,1.82E+07,5600646,2.70E+07
2021.10.1,2423445,143978,1.81E+07,4090628,2.47E+07
2021.9.30,2656620,141382,1.73E+07,5194907,2.53E+07
2021.9.29,3351890,196648,1.69E+07,4950927,2.54E+07
2021.9.28,3281878,182529,1.81E+07,4203712,2.57E+07
2021.9.27,2224632,158610,1.59E+07,3416825,2.17E+07
2021.9.24,2397800,157822,1.75E+07,4128000,2.42E+07
2021.9.23,2505816,154881,1.58E+07,4499698,2.30E+07
2021.9.17,2872302,138880,1.64E+07,5518930,2.50E+07
2021.9.16,2869090,154309,1.53E+07,3805549,2.21E+07
2021.9.15,2501558,153049,1.64E+07,4090580,2.31E+07
2021.9.14,2744333,184224,1.94E+07,4258710,2.66E+07
2021.9.13,2665631,188709,1.80E+07,3950459,2.48E+07
2021.9.10,2528602,159695,1.80E+07,4214877,2.49E+07
2021.9.9,5137456,210152,1.84E+07,5186074,2.89E+07
2021.9.8,3400277,192852,2.02E+07,4988022,2.88E+07
2021.9.7,2160912,141592,1.81E+07,3441720,2.39E+07
2021.9.6,2137216,195638,1.76E+07,3292381,2.32E+07
2021.9.3,2374839,201463,1.90E+07,3641905,2.52E+07
2021.9.2,3969427,185214,1.81E+07,4599513,2.68E+07
2021.9.1,2612015,194273,1.84E+07,4318301,2.56E+07
2021.8.31,2880729,178202,1.97E+07,6690455,2.95E+07
2021.8.30,2102900,148110,1.80E+07,3732243,2.40E+07
2021.8.27,2177639,170381,1.62E+07,3879206,2.25E+07
2021.8.26,2892906,182128,1.72E+07,4251545,2.45E+07
2021.8.25,2910604,646103,1.68E+07,3864047,2.42E+07
2021.8.24,2731897,229119,1.98E+07,4590343,2.73E+07
2021.8.23,2350506,166661,1.68E+07,4361909,2.37E+07
2021.8.20,3051704,215860,1.99E+07,5452094,2.86E+07
2021.8.19,3530801,413668,2.06E+07,4800462,2.93E+07
2021.8.18,2506209,165475,2.09E+07,4897167,2.85E+07
2021.8.17,3135818,263291,2.50E+07,6152877,3.45E+07
2021.8.13,3457675,479887,2.19E+07,7435970,3.33E+07
2021.8.12,4134412,202142,2.18E+07,6937836,3.31E+07
2021.8.11,3243937,195506,2.27E+07,5763486,3.19E+07
2021.8.10,3100576,727176,2.62E+07,4636899,3.47E+07
2021.8.9,3426917,183470,2.22E+07,3578411,2.94E+07
2021.8.6,2461957,158623,1.94E+07,3655417,2.57E+07
2021.8.5,2452123,147234,1.77E+07,3460459,2.38E+07
2021.8.4,2466163,150391,1.87E+07,3071896,2.44E+07
2021.8.3,2663574,167451,1.79E+07,3272193,2.40E+07
2021.8.2,2019051,113346,1.45E+07,3194542,1.98E+07
2021.7.30,2762329,134462,1.64E+07,4398304,2.37E+07
2021.7.29,2053916,187360,1.50E+07,3472551,2.07E+07
2021.7.28,2419429,155766,1.71E+07,4045965,2.37E+07
2021.7.27,2098913,144039,1.81E+07,3790229,2.41E+07
2021.7.26,2410169,156530,1.75E+07,3662182,2.38E+07
2021.7.23,2651125,167537,1.85E+07,3427039,2.47E+07
2021.7.22,2483380,172797,2.06E+07,3476625,2.68E+07
2021.7.21,3026561,153757,1.99E+07,3895609,2.69E+07
2021.7.20,2600905,167110,2.18E+07,3871535,2.85E+07
2021.7.19,2170994,197482,1.86E+07,3370542,2.44E+07
2021.7.16,2690613,200730,2.03E+07,3547611,2.68E+07
2021.7.15,2456740,167351,2.20E+07,3801921,2.84E+07
2021.7.14,2300810,182320,1.97E+07,3782557,2.59E+07
2021.7.13,2150456,219505,2.06E+07,3422360,2.64E+07
2021.7.12,1968393,170309,1.67E+07,3001590,2.18E+07
2021.7.9,3106787,184488,2.34E+07,5916410,3.26E+07
2021.7.8,3609549,182392,2.33E+07,4828019,3.20E+07
2021.7.7,3127044,187492,2.11E+07,3880533,2.83E+07
2021.7.6,2227540,197989,2.12E+07,3140204,2.67E+07
2021.7.5,1992504,181540,2.30E+07,3216900,2.84E+07
2021.7.2,2190459,209322,2.14E+07,3917272,2.78E+07
2021.7.1,3107972,227276,1.98E+07,4121954,2.73E+07
2021.6.30,2606790,192644,1.93E+07,3991373,2.61E+07
2021.6.29,3493663,592062,1.92E+07,4134476,2.74E+07
2021.6.28,2434469,206128,1.77E+07,3332723,2.37E+07
2021.6.25,2658271,222061,2.19E+07,3740976,2.85E+07
2021.6.24,3949114,205432,2.54E+07,4709377,3.42E+07
2021.6.23,3195547,268150,2.53E+07,4533739,3.33E+07
2021.6.22,2267804,176381,2.07E+07,3699487,2.69E+07
2021.6.21,3448452,209241,2.06E+07,4121631,2.84E+07
2021.6.18,2819843,185986,2.08E+07,5277568,2.91E+07
2021.6.17,2781999,156462,1.81E+07,3751262,2.48E+07
2021.6.16,2584868,150702,1.88E+07,3206586,2.48E+07
2021.6.15,2430857,214700,1.81E+07,3341908,2.41E+07
2021.6.14,2603304,156453,1.83E+07,2828030,2.39E+07
2021.6.11,3172427,173908,2.00E+07,3875981,2.73E+07
2021.6.10,5411538,170639,2.04E+07,4336679,3.03E+07
2021.6.9,3077346,174401,2.09E+07,3706531,2.79E+07
2021.6.8,2740130,230544,2.35E+07,3483079,3.00E+07
2021.6.7,2763854,197959,2.21E+07,3566874,2.86E+07
2021.6.4,3325726,214661,1.92E+07,3211235,2.59E+07
2021.6.3,2810900,183359,1.94E+07,3424036,2.58E+07
2021.6.2,3347257,207444,2.01E+07,3723287,2.74E+07
2021.6.1,2562625,217452,1.87E+07,3080728,2.46E+07
2021.5.31,3216506,239100,1.67E+07,2874312,2.31E+07
2021.5.28,2237733,129120,1.65E+07,3464919,2.23E+07
2021.5.27,3078042,177483,1.72E+07,1.00E+07,3.05E+07
2021.5.26,2472250,196444,1.67E+07,3463634,2.28E+07
2021.5.25,2007879,141249,1.59E+07,3175689,2.12E+07
2021.5.24,2466057,143203,1.53E+07,3286065,2.12E+07
2021.5.21,2914609,166661,1.72E+07,4046016,2.43E+07
2021.5.20,2685411,191107,1.50E+07,4537978,2.24E+07
2021.5.18,2090525,143150,1.79E+07,3717873,2.39E+07
2021.5.17,2814713,168319,1.79E+07,3816259,2.47E+07
2021.5.14,2492734,187046,1.79E+07,3707523,2.43E+07
2021.5.13,4263904,200083,2.13E+07,5845644,3.16E+07
2021.5.12,3825867,260292,2.24E+07,6950028,3.34E+07
2021.5.11,4475107,421490,1.97E+07,6327523,3.09E+07
2021.5.10,2720372,208598,2.00E+07,3510322,2.64E+07
2021.5.7,2143255,195489,1.73E+07,3914194,2.35E+07
2021.5.6,2951685,180487,1.62E+07,4688074,2.40E+07
2021.5.4,2548089,155853,1.88E+07,4177220,2.56E+07
2021.5.3,2916607,193461,1.84E+07,4592201,2.61E+07
2021.4.30,3204460,196870,2.07E+07,4689446,2.87E+07
2021.4.29,3483652,204909,2.21E+07,4347367,3.02E+07
2021.4.28,3359837,258844,2.40E+07,4530283,3.21E+07
2021.4.27,2700776,403376,2.39E+07,3835498,3.09E+07
2021.4.26,2578274,230790,2.29E+07,3608798,2.93E+07
2021.4.23,2824753,208292,2.28E+07,3467893,2.93E+07
2021.4.22,2506469,180880,2.25E+07,3443523,2.86E+07
2021.4.21,3523518,251294,2.12E+07,4556508,2.96E+07
2021.4.20,2493583,188389,2.03E+07,3085298,2.61E+07
2021.4.19,2754607,229339,2.19E+07,3222255,2.81E+07
2021.4.16,2774172,497213,2.11E+07,3994011,2.84E+07
2021.4.15,3467027,308969,2.37E+07,3310002,3.08E+07
2021.4.14,2675761,199836,2.26E+07,3170522,2.86E+07
2021.4.13,2704417,220913,2.46E+07,3397106,3.09E+07
2021.4.12,2605842,160007,1.95E+07,2910693,2.51E+07
2021.4.9,2798033,154084,2.00E+07,3278445,2.62E+07
2021.4.8,3637168,199802,2.21E+07,3678792,2.96E+07
2021.4.7,2525647,141289,2.06E+07,2890550,2.61E+07
2021.4.6,2830245,237974,2.04E+07,2706614,2.62E+07
2021.4.5,2527656,173775,1.91E+07,2174860,2.39E+07
2021.4.2,2600421,200948,2.08E+07,2330041,2.59E+07
2021.4.1,2661735,156661,1.99E+07,2943391,2.56E+07
2021.3.31,2554587,164745,1.90E+07,4033908,2.57E+07
2021.3.30,2282624,178007,1.94E+07,3233819,2.51E+07
2021.3.29,3134942,233896,2.00E+07,3621919,2.70E+07
2021.3.26,2596419,194103,1.91E+07,3772264,2.57E+07
2021.3.25,2621717,156283,1.76E+07,3670135,2.41E+07
2021.3.24,2710427,159012,1.76E+07,3766354,2.42E+07
2021.3.23,2846379,181636,1.98E+07,4211914,2.71E+07
2021.3.22,2538229,152847,1.77E+07,3543387,2.39E+07
2021.3.19,2960908,183195,1.75E+07,5288140,2.60E+07
2021.3.18,2804502,168526,1.99E+07,3499252,2.64E+07
2021.3.17,2489592,653116,1.88E+07,3801759,2.57E+07
2021.3.16,2165305,267520,1.98E+07,3454025,2.57E+07
2021.3.15,2461511,137353,1.66E+07,3195721,2.24E+07
2021.3.12,2234316,170739,1.90E+07,3090194,2.45E+07
2021.3.11,4531749,167016,1.84E+07,3713821,2.68E+07
2021.3.10,3804883,135487,1.70E+07,3616479,2.46E+07
2021.3.9,3865120,320123,2.12E+07,5549942,3.09E+07
2021.3.8,3187176,187277,1.99E+07,3631051,2.69E+07
2021.3.5,3780357,197431,1.98E+07,4445317,2.82E+07
2021.3.4,4406767,155125,1.91E+07,4952496,2.86E+07
2021.3.3,2710834,168771,1.88E+07,4161629,2.59E+07
2021.3.2,3991513,176634,2.13E+07,5233124,3.07E+07
2021.2.26,5074435,162787,2.18E+07,8220906,3.53E+07
2021.2.25,3431426,191659,2.33E+07,3877858,3.08E+07
2021.2.24,4399516,1329000,2.53E+07,5548687,3.65E+07
2021.2.23,3933255,326313,2.36E+07,4574503,3.24E+07
2021.2.22,4132131,169339,2.25E+07,4522935,3.13E+07
2021.2.19,3412747,249969,2.58E+07,4800653,3.43E+07
2021.2.18,3307335,220687,2.60E+07,4767587,3.43E+07
2021.2.17,3799920,231420,2.58E+07,4192227,3.41E+07
2021.2.16,3362572,247555,2.76E+07,3736007,3.49E+07
2021.2.15,3396911,215746,2.28E+07,3887755,3.03E+07
2021.2.10,4642131,160871,2.08E+07,3615885,2.92E+07
2021.2.9,3669681,188393,2.19E+07,4069158,2.99E+07
2021.2.8,3459256,254431,2.27E+07,4003711,3.04E+07
2021.2.5,3788422,219988,2.28E+07,3830024,3.07E+07
2021.2.4,4905004,206201,2.13E+07,4674967,3.11E+07
2021.2.3,4464142,294309,2.51E+07,5033868,3.49E+07
2021.2.2,3886071,215024,2.25E+07,4587691,3.12E+07
2021.2.1,3470086,247153,2.27E+07,4856215,3.12E+07
2021.1.29,4943877,323974,2.61E+07,7899539,3.93E+07
2021.1.28,4518178,328422,2.52E+07,6514695,3.66E+07
2021.1.27,4460695,272910,2.48E+07,5698979,3.52E+07
2021.1.26,5651847,317977,2.62E+07,6354344,3.85E+07
2021.1.25,4007576,378601,2.62E+07,4345185,3.50E+07
2021.1.22,5462685,242178,2.83E+07,5341351,3.93E+07
2021.1.21,4764660,363922,2.96E+07,4418280,3.91E+07
2021.1.20,5503080,274040,2.87E+07,4673059,3.92E+07
2021.1.19,4345117,273128,2.90E+07,3997315,3.76E+07
2021.1.18,5379563,312719,2.70E+07,4291689,3.70E+07
2021.1.15,5832894,268551,2.69E+07,4864573,3.79E+07
2021.1.14,6226014,288623,2.73E+07,4233664,3.81E+07
2021.1.13,6051040,243665,2.65E+07,5067393,3.78E+07
2021.1.12,7777120,348779,3.09E+07,6338177,4.54E+07
2021.1.11,1.18E+07,585900,4.39E+07,8608223,6.49E+07
2021.1.8,8266931,447281,4.58E+07,6787458,6.13E+07
2021.1.7,5548937,344726,3.47E+07,4824110,4.54E+07
2021.1.6,7176607,358170,3.44E+07,5512794,4.75E+07
2021.1.5,5563740,373053,3.42E+07,5078901,4.53E+07
2021.1.4,6346618,339211,3.08E+07,4431918,4.19E+07
2020.12.30,3398413,230532,2.73E+07,3638611,3.46E+07
2020.12.29,5278968,293057,2.52E+07,3960768,3.47E+07
2020.12.28,3816925,433275,3.28E+07,4064233,4.11E+07
2020.12.24,2901375,289733,2.81E+07,3093221,3.44E+07
2020.12.23,3125507,306566,3.04E+07,3717733,3.76E+07
2020.12.22,3054157,378877,2.95E+07,3443648,3.64E+07
2020.12.21,2648378,342096,2.85E+07,3525493,3.50E+07
2020.12.18,2719509,310124,2.65E+07,4194353,3.37E+07
2020.12.17,2839290,299927,2.51E+07,4062434,3.23E+07
2020.12.16,2306064,339523,2.34E+07,3223200,2.92E+07
2020.12.15,2970106,279327,2.41E+07,4008092,3.13E+07
2020.12.14,3249449,225008,2.43E+07,3714785,3.15E+07
2020.12.11,3098621,235354,2.41E+07,3662717,3.11E+07
2020.12.10,5852574,282085,2.28E+07,5928343,3.49E+07
2020.12.9,3161116,279557,2.55E+07,3699252,3.26E+07
2020.12.8,3489518,290382,2.73E+07,4908262,3.60E+07
2020.12.7,3739394,264367,2.55E+07,4118339,3.36E+07
2020.12.4,3935598,296814,2.82E+07,3429242,3.59E+07
2020.12.3,3128037,285471,2.51E+07,3521072,3.20E+07
2020.12.2,3300146,255415,2.35E+07,3564526,3.06E+07
2020.12.1,2482002,228134,2.21E+07,3160696,2.80E+07
2020.11.30,2826153,233245,2.07E+07,9614231,3.34E+07
2020.11.27,2478969,204035,1.97E+07,2479859,2.49E+07
2020.11.26,2930652,269452,2.15E+07,2600878,2.73E+07
2020.11.25,4323574,322720,3.06E+07,4643663,3.99E+07
2020.11.24,3466064,252651,2.47E+07,3340754,3.18E+07
2020.11.23,2519328,231003,2.32E+07,2635195,2.86E+07
2020.11.20,2047048,188483,2.10E+07,2561861,2.58E+07
2020.11.19,2317382,171146,2.21E+07,2723114,2.73E+07
2020.11.18,2575393,206472,2.19E+07,2879862,2.76E+07
2020.11.17,3214601,271673,2.45E+07,3499536,3.14E+07
2020.11.16,3174742,230222,2.29E+07,3068331,2.93E+07
2020.11.13,2591464,269534,2.28E+07,3103344,2.88E+07
2020.11.12,3568090,144539,2.03E+07,3378091,2.74E+07
2020.11.11,2844072,249644,2.57E+07,3576814,3.24E+07
2020.11.10,3425869,236208,2.23E+07,3644087,2.96E+07
2020.11.9,2363984,196019,1.98E+07,2472469,2.48E+07
2020.11.6,2661522,179394,2.00E+07,2751244,2.56E+07
2020.11.5,2280130,228510,1.78E+07,2079859,2.24E+07
2020.11.4,2872444,158716,1.96E+07,3016424,2.57E+07
2020.11.3,1731330,185830,1.57E+07,2032718,1.96E+07
2020.11.2,1944526,96940,1.13E+07,1773911,1.51E+07
2020.10.30,2436819,144515,1.38E+07,3951435,2.03E+07
2020.10.29,2417876,116262,1.33E+07,2809752,1.87E+07
2020.10.28,1985125,98985,1.28E+07,1982249,1.68E+07
2020.10.27,2522873,1003812,1.40E+07,2956427,2.05E+07
2020.10.26,2347676,150787,1.52E+07,2351912,2.01E+07
2020.10.23,1736988,113681,1.51E+07,2140960,1.91E+07
2020.10.22,1905732,107685,1.47E+07,2626306,1.93E+07
2020.10.21,2073445,113340,1.41E+07,2263631,1.86E+07
2020.10.20,2434825,140075,1.66E+07,2808114,2.20E+07
2020.10.19,2312460,111794,1.44E+07,2187397,1.90E+07
2020.10.16,2383443,259784,1.66E+07,2545426,2.18E+07
2020.10.15,2361938,404784,1.99E+07,2858370,2.55E+07
2020.10.14,2257656,161700,1.85E+07,3039862,2.39E+07
2020.10.13,2365693,135091,1.97E+07,2286561,2.45E+07
2020.10.12,2068455,132098,1.75E+07,2746692,2.24E+07
2020.10.8,3331609,138911,1.87E+07,2508433,2.47E+07
2020.10.7,1611823,87843,1.56E+07,2280588,1.96E+07
2020.10.6,1999483,104557,1.74E+07,2557686,2.21E+07
2020.10.5,1895054,139791,1.56E+07,3000699,2.06E+07
2020.9.29,1670786,118679,1.59E+07,3261771,2.09E+07
2020.9.28,1453463,173080,1.61E+07,2402813,2.01E+07
2020.9.25,1643055,172225,1.89E+07,2798191,2.35E+07
2020.9.24,2583728,181815,2.17E+07,3475310,2.79E+07
2020.9.23,3006796,157282,2.05E+07,3052707,2.67E+07
2020.9.22,3057787,405020,2.33E+07,3432557,3.02E+07
2020.9.21,2432548,208723,2.25E+07,2865270,2.80E+07
2020.9.18,2233064,173317,2.05E+07,3737161,2.66E+07
2020.9.17,2932585,228822,2.22E+07,3150058,2.86E+07
2020.9.16,2355017,234695,2.26E+07,2693057,2.79E+07
2020.9.15,2224398,173935,2.27E+07,2629857,2.77E+07
2020.9.14,2236550,213185,2.07E+07,2376154,2.56E+07
2020.9.11,2245972,265063,2.12E+07,2771817,2.65E+07
2020.9.10,3674588,179950,2.36E+07,2978994,3.04E+07
2020.9.9,2979786,212417,2.54E+07,3378270,3.19E+07
2020.9.8,2865097,284306,3.06E+07,3163774,3.69E+07
2020.9.7,2518830,221677,2.74E+07,3094294,3.32E+07
2020.9.4,3257959,343352,2.72E+07,3605193,3.44E+07
2020.9.3,2597377,185440,2.55E+07,3195650,3.15E+07
2020.9.2,2110707,185193,2.48E+07,3021496,3.01E+07
2020.9.1,2457699,150364,2.34E+07,3419265,2.94E+07
2020.8.31,3208801,190424,2.40E+07,6878328,3.42E+07
2020.8.28,2444641,213320,2.66E+07,3063739,3.23E+07
2020.8.27,2940496,242373,2.97E+07,3161573,3.60E+07
2020.8.26,2847035,159904,2.58E+07,2999486,3.18E+07
2020.8.25,2433337,170862,2.26E+07,2583832,2.78E+07
2020.8.24,2367990,147789,1.98E+07,2296540,2.47E+07
2020.8.21,2711052,239211,2.24E+07,2866488,2.82E+07
2020.8.20,4032458,197403,2.46E+07,3681825,3.25E+07
2020.8.19,2682730,166752,2.08E+07,3481319,2.71E+07
2020.8.18,3197265,278060,2.57E+07,4300848,3.34E+07
2020.8.14,3103612,211621,2.36E+07,3576960,3.04E+07
2020.8.13,4077993,226382,2.50E+07,3808821,3.31E+07
2020.8.12,3534559,228914,2.38E+07,3454735,3.10E+07
2020.8.11,3477860,295837,2.60E+07,3223431,3.30E+07
2020.8.10,3514180,285697,2.52E+07,3129068,3.21E+07
2020.8.7,3468796,232201,2.53E+07,3199918,3.22E+07
2020.8.6,3234337,212922,2.58E+07,2819079,3.21E+07
2020.8.5,2736513,278687,2.48E+07,2794908,3.06E+07
2020.8.4,2603105,187704,2.36E+07,2861046,2.92E+07
2020.8.3,2605537,212402,2.23E+07,2974275,2.81E+07
2020.7.31,2716069,198979,2.01E+07,3022919,2.61E+07
2020.7.30,2596356,178760,2.16E+07,2451227,2.68E+07
2020.7.29,2881260,223881,2.03E+07,2736737,2.61E+07
2020.7.28,2951403,242952,2.36E+07,2671364,2.95E+07
2020.7.27,1731870,183397,2.05E+07,2301728,2.47E+07
2020.7.24,2179721,184861,2.45E+07,2765205,2.96E+07
2020.7.23,2779407,180405,2.42E+07,2838566,3.00E+07
2020.7.22,2388349,204238,2.19E+07,2535571,2.70E+07
2020.7.21,2141097,194274,2.13E+07,2496119,2.61E+07
2020.7.20,2045690,142846,1.69E+07,2206267,2.13E+07
2020.7.17,1547274,175107,1.53E+07,1759501,1.88E+07
2020.7.16,2251995,165441,1.74E+07,2641325,2.25E+07
2020.7.15,2213049,171506,1.99E+07,2713366,2.50E+07
2020.7.14,2225057,190364,1.91E+07,2404308,2.39E+07
2020.7.13,1580228,143426,1.75E+07,2148405,2.13E+07
2020.7.10,2434103,139339,1.97E+07,2651086,2.49E+07
2020.7.9,2877214,196494,1.69E+07,2427073,2.24E+07
2020.7.8,2396047,163663,1.67E+07,2741216,2.20E+07
2020.7.7,2846111,174039,1.83E+07,3653563,2.49E+07
2020.7.6,1718365,153514,1.58E+07,2335014,2.00E+07
2020.7.3,1691796,149510,1.51E+07,1867594,1.88E+07
2020.7.2,1766493,94406,1.41E+07,2317493,1.83E+07
2020.7.1,1815887,101570,1.47E+07,2175882,1.88E+07
2020.6.30,2232008,241067,1.69E+07,2867350,2.22E+07
2020.6.29,2268315,103181,1.37E+07,2282729,1.83E+07
2020.6.26,2081780,153920,1.71E+07,2243070,2.16E+07
2020.6.25,2822052,125184,1.65E+07,2466369,2.19E+07
2020.6.24,2753811,149807,1.95E+07,2698248,2.51E+07
2020.6.23,2718894,193432,1.95E+07,2769478,2.52E+07
2020.6.22,1982416,128657,1.60E+07,2458524,2.06E+07
2020.6.19,2109685,179181,1.89E+07,3493342,2.47E+07
2020.6.18,2052881,191197,1.68E+07,2628391,2.17E+07
2020.6.17,2927490,144354,1.91E+07,3723809,2.59E+07
2020.6.16,2347573,170322,1.93E+07,2710623,2.45E+07
2020.6.15,3458267,212625,2.30E+07,3837655,3.05E+07
2020.6.12,2993874,268719,2.02E+07,3188289,2.67E+07
2020.6.11,5102773,267795,2.14E+07,3737968,3.05E+07
2020.6.10,2144867,193249,2.02E+07,2608938,2.51E+07
2020.6.9,2690120,194236,1.96E+07,2566341,2.50E+07
2020.6.8,2736645,158357,1.68E+07,2565197,2.23E+07
2020.6.5,2271826,141994,1.67E+07,2366141,2.14E+07
2020.6.4,3213869,204843,1.91E+07,3258036,2.58E+07
2020.6.3,3272628,243410,2.19E+07,3154226,2.86E+07
2020.6.2,2032497,161633,1.65E+07,2287571,2.10E+07
2020.6.1,1733104,141681,1.59E+07,2374985,2.02E+07
2020.5.29,2162797,108549,1.45E+07,5827774,2.26E+07
2020.5.28,2859602,231093,1.99E+07,3366992,2.64E+07
2020.5.27,2259414,220688,1.75E+07,3258051,2.32E+07
2020.5.26,1975328,183084,1.85E+07,2272411,2.29E+07
2020.5.25,1718595,127729,1.39E+07,1720872,1.74E+07
2020.5.22,2159505,158525,1.54E+07,2589598,2.03E+07
2020.5.21,2096082,132747,1.55E+07,2248559,2.00E+07
2020.5.20,1543315,109827,1.50E+07,2084260,1.87E+07
2020.5.19,2044709,237019,1.90E+07,2494686,2.38E+07
2020.5.18,1791524,135531,1.56E+07,2334008,1.99E+07
2020.5.15,1678996,143887,1.75E+07,2819645,2.21E+07
2020.5.14,2433508,150114,1.71E+07,2886952,2.25E+07
2020.5.13,1853393,139050,1.40E+07,2786666,1.87E+07
2020.5.12,2013786,141631,1.48E+07,2808805,1.97E+07
2020.5.11,1938775,127462,1.40E+07,2164534,1.82E+07
2020.5.8,1574114,126564,1.38E+07,2113165,1.76E+07
2020.5.7,1488573,117739,1.24E+07,2213976,1.62E+07
2020.5.6,1416048,120024,1.30E+07,2495692,1.70E+07
2020.5.4,2278661,92384,1.13E+07,3282612,1.70E+07
2020.4.29,1615330,111237,1.46E+07,2152315,1.85E+07
2020.4.28,1642392,128279,1.45E+07,2329585,1.86E+07
2020.4.27,1370668,121735,1.25E+07,1890011,1.59E+07
2020.4.24,1805577,97629,1.43E+07,2312342,1.85E+07
2020.4.23,1822836,123855,1.49E+07,2343574,1.92E+07
2020.4.22,2119801,120418,1.42E+07,2139903,1.86E+07
2020.4.21,2307267,183747,2.02E+07,3903017,2.66E+07
2020.4.20,2065402,108077,1.66E+07,2715635,2.15E+07
2020.4.17,1856206,128755,1.86E+07,2690009,2.32E+07
2020.4.16,1484016,86413,1.39E+07,3491345,1.89E+07
2020.4.14,1157584,102845,1.51E+07,1961630,1.84E+07
2020.4.13,1895972,141390,1.57E+07,1926349,1.96E+07
2020.4.10,1984652,125434,1.77E+07,2387382,2.22E+07
2020.4.9,2345104,113113,1.52E+07,2383264,2.01E+07
2020.4.8,2124577,189049,1.89E+07,2678742,2.39E+07
2020.4.7,2200954,293980,1.88E+07,3618387,2.49E+07
2020.4.6,1210767,184661,1.71E+07,2353438,2.08E+07
2020.4.3,1759707,88545,1.53E+07,2471164,1.96E+07
2020.4.2,1666433,151906,1.54E+07,3937805,2.11E+07
2020.4.1,2384393,138090,1.95E+07,3578434,2.56E+07
2020.3.31,2349863,169033,2.15E+07,3561636,2.76E+07
2020.3.30,1788403,105511,1.42E+07,2615142,1.87E+07
2020.3.27,2458060,135833,2.12E+07,3895851,2.77E+07
2020.3.26,2742799,149647,1.75E+07,3934289,2.43E+07
2020.3.25,2859894,183765,1.56E+07,3631119,2.23E+07
2020.3.24,2085738,132194,1.21E+07,2858478,1.72E+07
2020.3.23,2313771,75313,1.01E+07,3359475,1.58E+07
2020.3.20,2414758,110136,1.07E+07,3882929,1.71E+07
2020.3.19,2899622,159640,1.29E+07,4552178,2.05E+07
2020.3.18,2443589,74547,1.09E+07,3617872,1.70E+07
2020.3.17,2027865,87846,1.11E+07,4478860,1.77E+07
2020.3.16,2178784,76755,1.01E+07,3469025,1.58E+07
2020.3.13,2853575,119067,1.26E+07,5954102,2.15E+07
2020.3.12,3542579,105931,1.08E+07,4925907,1.94E+07
2020.3.11,2583659,67311,1.02E+07,4129968,1.70E+07
2020.3.10,2262172,91816,1.22E+07,4170673,1.88E+07
2020.3.9,2411908,104427,1.11E+07,3818324,1.75E+07
2020.3.6,2104839,85458,9474470,2810239,1.45E+07
2020.3.5,2299411,87632,9007760,2959556,1.44E+07
2020.3.4,2219469,73967,8493377,2705120,1.35E+07
2020.3.3,2529628,66601,8891026,3257694,1.47E+07
2020.3.2,2090483,57920,8204971,3614197,1.40E+07
2020.2.28,2447930,100557,1.07E+07,4735026,1.80E+07
2020.2.27,2249027,61046,9557108,3092026,1.50E+07
2020.2.26,2252854,63412,8296413,3586560,1.42E+07
2020.2.25,2132660,78105,9294582,3637571,1.51E+07
2020.2.24,2132316,160918,1.14E+07,3808091,1.75E+07
2020.2.21,1974707,96453,1.08E+07,2406688,1.52E+07
2020.2.20,2127882,87970,1.19E+07,2387832,1.65E+07
2020.2.19,1812392,66330,1.02E+07,2635297,1.47E+07
2020.2.18,1990183,65953,9429697,2438259,1.39E+07
2020.2.17,1500007,90631,8556940,2021821,1.22E+07
2020.2.14,1792211,86325,9610143,2248663,1.37E+07
2020.2.13,2879040,113648,9541031,2583155,1.51E+07
2020.2.12,1802849,72825,8363667,2701488,1.29E+07
2020.2.11,1567563,101780,8274993,2184987,1.21E+07
2020.2.10,1628860,63111,6482897,2127164,1.03E+07
2020.2.7,2021856,1836264,7837797,2351480,1.40E+07
2020.2.6,1764112,87207,8558893,2535377,1.29E+07
2020.2.5,2742378,73992,7641466,2546467,1.30E+07
2020.2.4,2680364,83208,7622999,2479884,1.29E+07
2020.2.3,2115518,86719,8834170,3115362,1.42E+07
2020.1.31,1857231,126897,8633899,3069399,1.37E+07
2020.1.30,2372081,93469,8206983,2662889,1.33E+07
2020.1.29,2237413,84870,7695831,2146884,1.22E+07
2020.1.28,2577226,100652,9797085,3335658,1.58E+07
2020.1.23,2194756,71333,7282017,2252664,1.18E+07
2020.1.22,1476102,80370,7312533,2129544,1.10E+07
2020.1.21,1606660,52105,7473325,2008347,1.11E+07
2020.1.20,1783403,84406,8075078,1925810,1.19E+07
2020.1.17,1786814,71645,7136490,1995069,1.10E+07
2020.1.16,1704813,58531,7472958,2209451,1.14E+07
2020.1.15,1633283,54848,6393178,2100418,1.02E+07
2020.1.14,2057178,67266,7929035,2448885,1.25E+07
2020.1.13,1808995,85112,7272051,1895781,1.11E+07
2020.1.10,2069855,69539,7193092,2044681,1.14E+07
2020.1.9,2648370,69058,7195661,2612843,1.25E+07
2020.1.8,2446162,101583,1.04E+07,2822468,1.58E+07
2020.1.7,1476934,51651,7194584,1724945,1.04E+07
2020.1.6,1703534,78580,6723372,1614299,1.01E+07
2020.1.3,2305859,91650,7069787,1838277,1.13E+07
2020.1.2,1889192,64499,5572445,1590927,9117063
2019.12.30,883523,51837,5255407,1724606,7915374
2019.12.27,1878977,66134,6362927,1436431,9744470
2019.12.26,1011461,125521,6986321,1028080,9151384
2019.12.24,1048309,81759,5775198,1426018,8331284
2019.12.23,1029492,80497,6095951,1499822,8705762
2019.12.20,1011345,91011,5851939,2266757,9221052
2019.12.19,1403384,87855,5673117,1836014,9000370
2019.12.18,1476841,83148,6298073,1993113,9851175
2019.12.17,1675123,106726,6906144,2182382,1.09E+07
2019.12.16,1137729,61914,5186843,1925620,8312107
2019.12.13,1495954,95964,7004372,1950430,1.05E+07
2019.12.12,3574695,61623,6339463,2865390,1.28E+07
2019.12.11,1166906,56791,5823960,1744477,8792134
2019.12.10,952999,48804,5550867,1572264,8124934
2019.12.9,1078969,43803,5427038,1660912,8210722
2019.12.6,988697,55594,5530414,1740543,8315248
2019.12.5,1193728,58144,5908355,2148489,9308716
2019.12.4,1191880,156067,4672884,2895350,8916181
2019.12.3,1043974,45698,5185265,2553197,8828134
2019.12.2,914434,62235,5058180,2294060,8328908
2019.11.29,1366258,35304,5912656,2107084,9421302
2019.11.28,1070665,44119,6193923,1442047,8750754
2019.11.27,1054555,74798,6645727,1698555,9473635
2019.11.26,1201122,57234,6426539,5045122,1.27E+07
2019.11.25,1012272,39844,5409896,1914138,8376150
2019.11.22,1159466,68455,6327034,1920283,9475237
2019.11.21,1352186,59964,6606829,2446384,1.05E+07
2019.11.20,1415142,50951,7738306,2309908,1.15E+07
2019.11.19,1453952,80662,7420262,1933726,1.09E+07
2019.11.18,1138353,84813,6925395,1705826,9854388
2019.11.15,1016905,85588,7937087,1780880,1.08E+07
2019.11.14,1908985,82811,7532835,1808964,1.13E+07
2019.11.13,1371369,57961,7158094,1620643,1.02E+07
2019.11.12,1127812,63871,7569252,1603439,1.04E+07
2019.11.11,1230622,39628,6534338,1704658,9509246
2019.11.8,1422561,42221,6968363,2013985,1.04E+07
2019.11.7,1461122,58515,7433956,1863519,1.08E+07
2019.11.6,1531739,71406,8099314,2043244,1.17E+07
2019.11.5,1353510,85669,8118385,1847288,1.14E+07
2019.11.4,1133404,106995,7291305,1838684,1.04E+07
2019.11.1,1103355,53846,6608196,1570815,9336212
2019.10.31,1265409,79588,7533996,2141182,1.10E+07
2019.10.30,1594015,66322,7379911,1826724,1.09E+07
2019.10.29,1035924,81176,7541048,1946321,1.06E+07
2019.10.28,1014575,72809,7557463,1686974,1.03E+07
2019.10.25,1127039,64394,8260336,1986792,1.14E+07
2019.10.24,1245165,68628,9047433,2813369,1.32E+07
2019.10.23,1170717,60755,8216148,1973318,1.14E+07
2019.10.22,1121376,65387,8332961,1627271,1.11E+07
2019.10.21,905032,47664,6021175,1321275,8295146
2019.10.18,1277316,58275,6432864,2423779,1.02E+07
2019.10.17,1122257,55380,5786461,1715860,8679958
2019.10.16,990617,70483,6287517,1750127,9098745
2019.10.15,939506,42272,5800002,1480955,8262735
2019.10.14,1052507,59004,5926078,1580512,8618101
2019.10.11,1120411,53940,5873442,1426071,8473864
2019.10.10,2176207,90355,5253443,2470604,9990610
2019.10.8,1160077,96434,7143281,1971754,1.04E+07
2019.10.7,1001143,49117,5808228,1367257,8225745
2019.10.4,954022,41562,5091688,1910692,7997963
2019.10.2,1365262,82597,5456186,1555866,8459911
2019.10.1,936298,40394,5725530,1544303,8246525
2019.9.30,947972,50452,4638351,1681979,7318754
2019.9.27,1097647,59671,4443584,1294102,6895005
2019.9.26,1423859,37480,6107814,1656469,9225621
2019.9.25,1313049,70868,6480831,1881020,9745769
2019.9.24,1029193,53329,5472233,1619523,8174278
2019.9.23,968937,139012,4965386,1421950,7495285
2019.9.20,1090080,70899,6105740,2477201,9743920
2019.9.19,1226198,77772,5881155,1621752,8806877
2019.9.18,1028134,59029,6443220,1779918,9310302
2019.9.17,1030640,67835,5684033,1931120,8713628
2019.9.16,1287763,51469,4966730,2593132,8899093
2019.9.11,2278197,52118,5259460,2130056,9719831
2019.9.10,1174924,50096,5384272,1612626,8221917
2019.9.9,1359068,55611,5552514,1286503,8253696
2019.9.6,1109898,55783,5666209,1318438,8150328
2019.9.5,1606139,79157,7000021,1896410,1.06E+07
2019.9.4,929175,41291,5259749,1860654,8090870
2019.9.3,1042417,64023,4971584,1568759,7646784
2019.9.2,853478,41266,4425225,1183065,6503034
2019.8.30,1135331,124864,5128151,1689965,8078312
2019.8.29,1076186,34100,4609951,1596575,7316812
2019.8.28,942735,35112,4876876,1344125,7198847
2019.8.27,973806,46887,4513165,2746785,8280643
2019.8.26,1092711,86326,4920369,1571482,7670887
2019.8.23,799892,41532,5005079,1460131,7306634
2019.8.22,1226224,78486,4963040,1759958,8027709
2019.8.21,1025872,40746,4654096,1635989,7356703
2019.8.20,1094002,45484,5016383,1616127,7771996
2019.8.19,795016,41557,4833022,1495939,7165534
2019.8.16,939429,33327,5083266,1987009,8043030
2019.8.14,1216991,58668,5849382,2058364,9183405
2019.8.13,1143775,87945,5150165,1751502,8133388
2019.8.12,1102425,47268,4864426,1425917,7440035
2019.8.9,1259018,52567,5990662,1907257,9209503
2019.8.8,2184120,55727,7014890,2347314,1.16E+07
2019.8.7,1444675,53864,6571445,2148375,1.02E+07
2019.8.6,1566234,84758,8045836,3096203,1.28E+07
2019.8.5,1431671,55284,7418507,2469725,1.14E+07
2019.8.2,1439781,42480,5332242,2229505,9044008
2019.8.1,1155731,43552,5521177,1886093,8606554
2019.7.31,1384993,50902,6017247,2310059,9763201
2019.7.30,935508,70698,5122850,1317061,7446117
2019.7.29,1167592,59353,5720323,1519485,8466753
2019.7.26,1390494,64293,5877484,1777658,9109929
2019.7.25,1563967,51746,5898133,1873392,9387238
2019.7.24,1227381,43260,6316266,1624022,9210929
2019.7.23,1267269,47336,6282589,1596338,9193532
2019.7.22,1048733,38625,4292618,1184782,6564759
2019.7.19,997881,91216,5564048,1496888,8150033
2019.7.18,1166076,44138,5604906,1385142,8200263
2019.7.17,1080181,63443,6233634,1503530,8880788
2019.7.16,1147996,52518,7129639,1541782,9871934
2019.7.15,1038464,43991,5559923,1311355,7953733
2019.7.12,1170562,53602,5251792,1437513,7913469
2019.7.11,1904756,52116,5699700,1555572,9212145
2019.7.10,1208024,75508,5034533,1483802,7801867
2019.7.9,1312670,54871,5703150,1496670,8567360
2019.7.8,1199405,54349,5891187,1456792,8601734
2019.7.5,1162421,30833,5629890,1253033,8076177
2019.7.4,1271238,56234,6087394,1262410,8677275
2019.7.3,1365474,49130,5567554,1615398,8597556
2019.7.2,1209818,55232,5452650,1445957,8163657
2019.7.1,1436978,192738,6642980,1618039,9890736
2019.6.28,1169952,95642,5639054,1621385,8526033
2019.6.27,1383660,79167,7060877,1733670,1.03E+07
2019.6.26,1063423,68566,6525277,1547864,9205129
2019.6.25,1211292,50003,6339163,1527780,9128238
2019.6.24,987030,50169,5369565,1368367,7775132
2019.6.21,1178474,64107,5881710,2484998,9609289
2019.6.20,940858,53590,5562173,1502291,8058911
2019.6.19,1155203,61286,6364153,1656054,9236696
2019.6.18,1195914,276470,6347629,1661191,9481204
2019.6.17,1080120,55403,5409004,1708426,8252953
2019.6.14,1422457,53363,5965881,1904367,9346068
2019.6.13,2833965,86517,5677476,2379399,1.10E+07
2019.6.12,1296128,65020,5653128,1646131,8660407
2019.6.11,1075454,77223,5678371,1643955,8475003
2019.6.10,1131022,67017,5581470,1508093,8287602
2019.6.7,1149043,53790,5352988,1810775,8366596
2019.6.5,1271366,72887,5374792,1853432,8572477
2019.6.4,1262162,44053,5634593,1760273,8701080
2019.6.3,1686876,48689,4832753,1659536,8227853
2019.5.31,1471401,61810,5016064,1991298,8540573
2019.5.30,1365578,82689,5588084,1897830,8934181
2019.5.29,1430140,67057,5478375,2236976,9212548
2019.5.28,1184188,90019,5656407,5691049,1.26E+07
2019.5.27,1080885,56804,5199774,1485180,7822644
2019.5.24,1193346,46129,5674491,2057106,8971073
2019.5.23,1421853,65166,6142295,1836526,9465840
2019.5.22,1246163,44978,5761929,1809084,8862154
2019.5.21,1518264,51753,5562183,2533932,9666131
2019.5.20,1188167,87023,5473422,1914348,8662960
2019.5.17,1188262,55789,6288725,2436818,9969595
2019.5.16,1419091,59077,6946166,2498920,1.09E+07
2019.5.15,1419429,69171,6572645,1936454,9997700
2019.5.14,1309211,75485,7181293,2358250,1.09E+07
2019.5.13,1435754,60470,6009523,1635668,9141414
2019.5.10,1823820,71092,6441418,2274328,1.06E+07
2019.5.9,2869785,67508,7197360,2708411,1.28E+07
2019.5.8,1438611,62154,6125990,1786631,9413387
2019.5.7,1759641,64197,5386635,1907167,9117640
2019.5.3,1506556,72546,5964594,1510519,9054214
2019.5.2,1444257,63523,6003630,1765438,9276847
2019.4.30,1426209,78764,6006185,1957806,9468963
2019.4.29,1199472,54628,5456337,1507659,8218096
2019.4.26,1517177,62314,5618716,1939534,9137740
2019.4.25,1391198,59792,6457487,2033814,9942292
2019.4.24,1897106,75885,6607992,2218242,1.08E+07
2019.4.23,1262208,65520,6310989,1456885,9095602
2019.4.22,1257227,73668,5931157,1058755,8320807
2019.4.19,1125524,66548,6411013,1170480,8773565
2019.4.18,1610852,123601,7239758,2345928,1.13E+07
2019.4.17,1329382,86555,7503721,1636366,1.06E+07
2019.4.16,1358604,78463,8713137,1712124,1.19E+07
2019.4.15,1733067,90166,8020996,1611257,1.15E+07
2019.4.12,1520801,170927,7177130,1574432,1.04E+07
2019.4.11,2241948,74686,6304262,1733464,1.04E+07
2019.4.10,1347225,131965,6371488,1979822,9830500
2019.4.9,1486034,64792,6546658,1509934,9607418
2019.4.8,1453704,65867,6070842,1393664,8984077
2019.4.5,1180723,61036,5991826,1258060,8491646
2019.4.4,1375985,50203,6111836,1682745,9220769
2019.4.3,1532940,84178,6165393,1906748,9689258
2019.4.2,1385129,68790,5392309,1510736,8356964
2019.4.1,1174795,50675,5209414,1525993,7960877
2019.3.29,1313212,50194,5773935,2195303,9332644
2019.3.28,1325218,67422,5324692,1584426,8301758
2019.3.27,1277085,51883,5728346,1573567,8630881
2019.3.26,1418924,69254,5138431,1539378,8165987
2019.3.25,1437885,62691,5550722,1583384,8634682
2019.3.22,1944297,1800883,5986332,1898174,1.16E+07
2019.3.21,2109081,89426,6899740,1957749,1.11E+07
2019.3.20,1326293,90502,5881187,1718627,9016609
2019.3.19,1159580,115751,5705190,1604522,8585043
2019.3.18,1250346,123597,5617994,1449889,8441827
2019.3.15,1579463,111623,7406403,3634519,1.27E+07
2019.3.14,2864659,77491,5334719,2015471,1.03E+07
2019.3.13,1471895,85331,5876988,1641361,9075575
2019.3.12,1416429,138661,6257939,1602806,9415835
2019.3.11,1379560,50520,4815916,1727529,7973524
2019.3.8,1580451,52497,4773610,1667842,8074400
2019.3.7,1681959,76379,5749926,1836573,9344836
2019.3.6,1545841,123477,5655314,1829008,9153640
2019.3.5,1679525,68000,5717941,1904729,9370196
2019.3.4,1774639,79071,6066709,2671984,1.06E+07
2019.2.28,1733467,86545,8012088,3904981,1.37E+07
2019.2.27,1299790,73988,5703038,1826466,8903282
2019.2.26,1355816,76143,5623052,1803826,8858837
2019.2.25,1256057,106220,5482629,1550404,8395311
2019.2.22,1164932,77681,5735991,1588898,8567502
2019.2.21,1565283,145401,6318770,1789721,9819175
2019.2.20,1534560,113866,6546221,1862774,1.01E+07
2019.2.19,1260140,62731,5890718,1347332,8560921
2019.2.18,1297134,64917,5228844,1503276,8094171
2019.2.15,1598268,51222,5722819,1830876,9203185
2019.2.14,2055668,97759,6141984,2120856,1.04E+07
2019.2.13,1536996,68226,6054846,1876638,9536706
2019.2.12,1651534,89033,5924502,2091704,9756773
2019.2.11,1609182,86287,5602950,1853313,9151732
2019.2.8,1575350,56030,5837501,1910314,9379195
2019.2.7,1582978,63611,6281345,2118284,1.00E+07
2019.2.1,1836074,67083,6926767,1999517,1.08E+07
2019.1.31,2128088,77862,6829189,2500951,1.15E+07
2019.1.30,1840622,73009,6857517,2006211,1.08E+07
2019.1.29,1776429,82543,6591468,1980155,1.04E+07
2019.1.28,1828618,86447,6047174,1801149,9763387
2019.1.25,1766040,93782,7225912,1799434,1.09E+07
2019.1.24,1721672,59599,6209195,1789318,9779783
2019.1.23,1328319,61522,6002941,1707393,9100175
2019.1.22,1357472,63330,5851314,1557386,8829503
2019.1.21,1508233,118850,6116518,1604662,9348263
2019.1.18,1254250,75253,6746676,1719402,9795581
2019.1.17,1603309,79561,7081987,1686804,1.05E+07
2019.1.16,1307334,73714,6464401,1480504,9325953
2019.1.15,1257587,73982,6005375,1419009,8755953
2019.1.14,1409285,50401,5168751,1423021,8051458
2019.1.11,1355555,50136,5321860,1436990,8164541
2019.1.10,1868897,61081,5500478,1748497,9178952
2019.1.9,1472529,57569,5477853,1720592,8728543
2019.1.8,1290859,60130,5585760,1605610,8542359
2019.1.7,1409568,82220,5353986,1669385,8515160
2019.1.4,1631797,68826,5240997,1881910,8823529
2019.1.3,1673468,64993,5577301,1671801,8987564
2019.1.2,1562863,52713,4760650,1309426,7685651
2018.12.28,1308295,73228,4590403,1186703,7158629
2018.12.27,1933303,73906,5291303,1376162,8674675
2018.12.26,1421887,116952,6507163,1233089,9279091
2018.12.24,1041942,82530,5050618,1066348,7241438
2018.12.21,1275629,98471,5032989,2366369,8773458
2018.12.20,1424062,93710,5211971,1950199,8679942
2018.12.19,1202753,81610,5776971,1637417,8698752
2018.12.18,1359766,57033,5535272,1813000,8765071
2018.12.17,1159071,67369,5372459,1561134,8160033
2018.12.14,1562663,58343,5502168,2201871,9325046
2018.12.13,3543413,59978,4966620,2724774,1.13E+07
2018.12.12,1275589,91974,4976105,2011704,8355372
2018.12.11,1327751,56773,5116101,1859197,8359822
2018.12.10,1320402,40736,4088302,1893768,7343208
2018.12.7,1116856,40055,4509753,1622191,7288855
2018.12.6,1317901,57495,5046199,2254354,8675948
2018.12.5,1134263,97933,4830639,1738432,7801268
2018.12.4,1331982,50706,5086081,2064239,8533008
2018.12.3,1245793,60846,5439261,1882371,8628271
2018.11.30,1498492,188638,4222425,4279152,1.02E+07
2018.11.29,1382603,57355,5142906,2003407,8586271
2018.11.28,1220635,43891,4642344,1891070,7797940
2018.11.27,1148215,47773,4343607,1751534,7291128
2018.11.26,1067645,37362,4578368,1465712,7149087
2018.11.23,1021409,42517,4538190,1160851,6762967
2018.11.22,1233230,53089,4407550,1483475,7177345
2018.11.21,1195923,80155,5084063,2187394,8547534
2018.11.20,1548159,51219,4837070,1897355,8333803
2018.11.19,1197636,54299,5050643,1715320,8017899
2018.11.16,1255131,45651,4873550,1696051,7870383
2018.11.15,1163535,55964,4654329,1859904,7733732
2018.11.14,1455628,55411,5091740,1985186,8587965
2018.11.13,1451007,45656,5085278,2321879,8903820
2018.11.12,1533184,57423,5077035,1844534,8512175
2018.11.9,1819012,58948,4802355,1800999,8481314
2018.11.8,2307837,53095,5280284,1707369,9348585
2018.11.7,2116986,48563,6012785,2096118,1.03E+07
2018.11.6,1415750,59245,4970173,1716977,8162146
2018.11.5,1682869,41400,4282048,1817551,7823868
2018.11.2,1749301,70935,6411880,2150983,1.04E+07
2018.11.1,1882263,47152,5477586,2043121,9450121
2018.10.31,2037052,43787,4526317,2532226,9139382
2018.10.30,1716997,63916,6526236,2713761,1.10E+07
2018.10.29,1512614,53260,6189971,2506176,1.03E+07
2018.10.26,1908153,56807,5713370,2593963,1.03E+07
2018.10.25,1795705,44816,6090778,3297545,1.12E+07
2018.10.24,1636273,51119,5838718,2599858,1.01E+07
2018.10.23,1719106,38415,5155775,3240732,1.02E+07
2018.10.22,1109973,47018,3786512,1461203,6404706
2018.10.19,1264344,43956,4684713,1974659,7967671
2018.10.18,1333926,37694,4000059,1689330,7061009
2018.10.17,1303577,66258,5110706,2248017,8728558
2018.10.16,1171736,40973,4109804,1519695,6842208
2018.10.15,1613495,55114,4702302,1763759,8134669
2018.10.12,1674128,60504,5822817,2322316,9879765
2018.10.11,2392167,70857,6973140,3222564,1.27E+07
2018.10.10,1530599,2353062,5868225,2859580,1.26E+07
2018.10.8,1121874,37277,4475428,1848453,7483031
2018.10.5,1682226,54789,5873155,2472519,1.01E+07
2018.10.4,1855594,79589,6350594,3040712,1.13E+07
2018.10.2,1580934,64311,6594676,2131871,1.04E+07
2018.10.1,1530006,51476,5865797,1718522,9165801
2018.9.28,1605557,60410,6867015,2872987,1.14E+07
2018.9.27,1635730,93013,6346250,3222171,1.13E+07
2018.9.21,2086155,688940,6580431,3183054,1.25E+07
2018.9.20,1594787,98457,9133677,2339454,1.32E+07
2018.9.19,1419856,380038,8263467,2685003,1.27E+07
2018.9.18,1313729,92544,7562230,2023611,1.10E+07
2018.9.17,1324540,65976,6897667,1426001,9714183
2018.9.14,1196597,83230,7824119,1909139,1.10E+07
2018.9.13,2325641,69979,6251909,2458030,1.11E+07
2018.9.12,1506261,81375,8106785,2283690,1.20E+07
2018.9.11,1399438,88124,6466612,2263082,1.02E+07
2018.9.10,1407606,62623,6236430,1826153,9532812
2018.9.7,1392654,73627,6810325,2525969,1.08E+07
2018.9.6,1443109,58437,6730166,1997695,1.02E+07
2018.9.5,1390216,108882,6298587,1946137,9743822
2018.9.4,1321033,74818,6152155,1281738,8829744
2018.9.3,1333466,77234,5181610,1426602,8018912
2018.8.31,1537086,61219,5743202,2297424,9638932
2018.8.30,1709657,66226,5704822,1485600,8966306
2018.8.29,1301940,425205,5249307,1390793,8367245
2018.8.28,1583643,75734,6189554,1689837,9538768
2018.8.27,1404863,66440,6606508,1577724,9655536
2018.8.24,1203764,56475,6015553,1440778,8716571
2018.8.23,1432672,81611,5520148,1558519,8592950
2018.8.22,1682755,375726,5348235,1455821,8862537
2018.8.21,1418250,61487,5419084,1753903,8652723
2018.8.20,1126323,46377,4856354,1623304,7652359
2018.8.17,1244810,59274,5230208,1594465,8128756
2018.8.16,1471263,79952,5753768,2459260,9764243
2018.8.14,1238230,80612,5163945,1681111,8163898
2018.8.13,1525884,62299,6411895,1879157,9879236
2018.8.10,1799213,75130,6442890,1862552,1.02E+07
2018.8.9,1939091,49122,5656140,1985877,9630230
2018.8.8,1363762,246857,5879587,1672291,9162497
2018.8.7,1365363,58700,4750843,1698903,7873809
2018.8.6,1323771,39831,4614309,1591819,7569730
2018.8.3,1138023,42526,4485553,1545082,7211185
2018.8.2,1464194,51695,5015773,1801621,8333283
2018.8.1,1252213,55648,5246524,1772978,8327364
2018.7.31,1180919,42103,5046724,2074103,8343849
2018.7.30,1354875,47006,4578508,1546170,7526560
2018.7.27,1276305,65606,5251213,1720497,8313621
2018.7.26,1526817,68423,6037461,2239217,9871918
2018.7.25,1577512,74878,6691224,2327457,1.07E+07
2018.7.24,1351351,49301,5809329,1994816,9204796
2018.7.23,1570292,116337,5544085,1963403,9194117
2018.7.20,1252810,53431,5175507,1958873,8440620
2018.7.19,1457667,67966,6136884,1914749,9577266
2018.7.18,1328655,72854,6085336,1850545,9337390
2018.7.17,1221850,167258,5007431,1931176,8327715
2018.7.16,1539215,54249,4713155,1674863,7981481
2018.7.13,1619285,70418,6068521,1938430,9696655
2018.7.12,2122200,85066,5327219,1965968,9500453
2018.7.11,1515444,275725,5158300,1879175,8828644
2018.7.10,1277832,56723,4866981,1826729,8028264
2018.7.9,1385366,54234,5443695,1841402,8724697
2018.7.6,1426982,48998,5949531,2439546,9865057
2018.7.5,1181953,166543,5363667,1605730,8317892
2018.7.4,1309959,51425,4965579,1683005,8009968
2018.7.3,1662355,68019,6035806,2043656,9809836
2018.7.2,1806294,60076,5737042,1895861,9499273
2018.6.29,1576798,75122,5862047,2291295,9805261
2018.6.28,1361125,51065,5447323,2520912,9380425
2018.6.27,1835564,89098,6884952,2405839,1.12E+07
2018.6.26,1462943,130325,6230985,2501256,1.03E+07
2018.6.25,1463177,76650,5533976,2170295,9244097
2018.6.22,1669179,65057,7049265,2232415,1.10E+07
2018.6.21,1862656,72625,6796405,2343999,1.11E+07
2018.6.20,1719175,70242,7668559,2333330,1.18E+07
2018.6.19,2019927,74749,8416262,2778605,1.33E+07
2018.6.18,2018597,105579,9231852,2507677,1.39E+07
2018.6.15,1755881,99085,8879034,3886144,1.46E+07
2018.6.14,2952882,114426,8791597,4042374,1.59E+07
2018.6.12,1739654,108613,1.09E+07,2536938,1.53E+07
2018.6.11,1487549,109688,7898751,2212570,1.17E+07
2018.6.8,2020741,79306,8211539,2538571,1.29E+07
2018.6.7,1537075,108169,9338494,2689022,1.37E+07
2018.6.5,1572086,88657,8851636,2483876,1.30E+07
2018.6.4,1528370,95813,9359072,2484886,1.35E+07
2018.6.1,1673678,88237,1.10E+07,2248408,1.50E+07
2018.5.31,3172259,150004,9863866,7201303,2.04E+07
2018.5.30,2132634,109310,1.08E+07,3264963,1.63E+07
2018.5.29,1660460,94437,1.23E+07,2355556,1.64E+07
2018.5.28,1763599,120715,1.14E+07,2386932,1.57E+07
2018.5.25,1757189,120696,1.10E+07,2494200,1.53E+07
2018.5.24,1410991,69893,9213567,2129152,1.28E+07
2018.5.23,2026304,104900,9841781,2750852,1.47E+07
2018.5.21,1205351,63073,7413701,2288048,1.10E+07
2018.5.18,1177027,64518,8455039,2036213,1.17E+07
2018.5.17,1403090,91855,9837609,2322283,1.37E+07
2018.5.16,1583935,226009,1.17E+07,2688660,1.62E+07
2018.5.15,1633408,114056,1.04E+07,2985321,1.51E+07
2018.5.14,1722460,148567,1.04E+07,2458029,1.47E+07
2018.5.11,1602149,86905,8786741,2118930,1.26E+07
2018.5.10,2266126,87214,8937787,2620484,1.39E+07
2018.5.9,1688495,109250,1.00E+07,3113595,1.50E+07
2018.5.8,1843724,87315,9703340,3411253,1.50E+07
2018.5.4,2428158,193144,1.09E+07,2834022,1.64E+07
2018.5.3,1268559,101667,9960240,2765067,1.41E+07
2018.5.2,1797761,148176,1.37E+07,3167048,1.88E+07
2018.4.30,1461606,174385,1.22E+07,2376916,1.62E+07
2018.4.27,1959218,103792,9090324,2677865,1.38E+07
2018.4.26,1983875,101268,8362488,2554972,1.30E+07
2018.4.25,1606068,132167,8921401,3042929,1.37E+07
2018.4.24,1704159,129267,1.02E+07,2785414,1.48E+07
2018.4.23,1711933,144583,1.18E+07,2723084,1.64E+07
2018.4.20,1499084,109595,1.03E+07,2653407,1.46E+07
2018.4.19,2083781,152926,1.33E+07,2705526,1.82E+07
2018.4.18,1682744,126305,1.25E+07,2325261,1.66E+07
2018.4.17,1351515,89472,9702038,2210972,1.34E+07
2018.4.16,1297917,106746,9720537,1799264,1.29E+07
2018.4.13,1675506,87989,1.04E+07,2046319,1.42E+07
2018.4.12,2245670,120222,1.14E+07,2346982,1.61E+07
2018.4.11,1688997,659065,9734810,2154684,1.42E+07
2018.4.10,1591218,109832,9743704,2488902,1.39E+07
2018.4.9,1394846,106208,8955400,2023533,1.25E+07
2018.4.6,1511410,123858,8950878,2313564,1.29E+07
2018.4.5,1574297,227061,9704751,1976058,1.35E+07
2018.4.4,2104652,111959,9516725,2394065,1.41E+07
2018.4.3,1818574,124970,8371662,2457618,1.28E+07
2018.4.2,1621272,160956,9002300,1795226,1.26E+07
2018.3.30,1232219,127691,8391563,1754439,1.15E+07
2018.3.29,1633179,432798,7998697,2355261,1.24E+07
2018.3.28,1839041,99192,9199589,2382488,1.35E+07
2018.3.27,1498902,110099,8066428,2363988,1.20E+07
2018.3.26,1460303,113664,8167738,2257602,1.20E+07
2018.3.23,2129116,90156,9739781,2714708,1.47E+07
2018.3.22,1428785,125005,1.03E+07,2198708,1.40E+07
2018.3.21,1153923,118448,9422912,2302417,1.30E+07
2018.3.20,1196960,68734,8164758,2009476,1.14E+07
2018.3.19,1395186,80226,7711773,1850148,1.10E+07
2018.3.16,1501571,197380,7774992,2786954,1.23E+07
2018.3.15,1596386,106043,8301654,2019767,1.20E+07
2018.3.14,1612176,144431,7686053,2217049,1.17E+07
2018.3.13,1953284,111612,9426873,2166850,1.37E+07
2018.3.12,1563151,103195,8241795,1809837,1.17E+07
2018.3.9,1955158,83304,9200898,2245264,1.35E+07
2018.3.8,3171921,97306,7747182,2618629,1.36E+07
2018.3.7,1899408,99012,8094534,4235145,1.43E+07
2018.3.6,1536294,91338,7188277,2078455,1.09E+07
2018.3.5,1419385,123293,6669586,2061828,1.03E+07
2018.3.2,1568219,122996,6503047,2583836,1.08E+07
2018.2.28,1649654,63287,7478414,3211802,1.24E+07
2018.2.27,1275226,108093,7430078,2029336,1.08E+07
2018.2.26,1270061,124034,6811796,2198723,1.04E+07
2018.2.23,1211888,89646,7136635,2004757,1.04E+07
2018.2.22,1142886,98312,6516298,2027452,9784948
2018.2.21,1348024,101623,7809487,2100190,1.14E+07
2018.2.20,1333176,75396,7649408,1638688,1.07E+07
2018.2.19,1385258,101305,7370092,1954638,1.08E+07
2018.2.14,1377305,94389,7461282,2176855,1.11E+07
2018.2.13,1972454,114808,8367933,2262279,1.27E+07
2018.2.12,1710580,104787,7380954,2420832,1.16E+07
2018.2.9,2164840,83587,8778121,3065218,1.41E+07
2018.2.8,3745092,116970,8658575,3461386,1.60E+07
2018.2.7,2752968,89137,1.03E+07,3699906,1.68E+07
2018.2.6,2565658,112140,1.17E+07,3781686,1.82E+07
2018.2.5,2220155,108546,9771262,3140592,1.52E+07
2018.2.2,2310919,104650,1.03E+07,3400934,1.61E+07
2018.2.1,1909381,115010,1.11E+07,3244248,1.64E+07
2018.1.31,2772168,115598,1.11E+07,4360629,1.84E+07
2018.1.30,2364482,136816,1.14E+07,2680606,1.65E+07
2018.1.29,1997687,142773,1.23E+07,2273395,1.67E+07
2018.1.26,1911015,112338,1.04E+07,2438801,1.49E+07
2018.1.25,1831029,124312,1.11E+07,2398798,1.54E+07
2018.1.24,1635648,128723,1.11E+07,2512059,1.54E+07
2018.1.23,1604729,131430,1.10E+07,2448956,1.52E+07
2018.1.22,1731794,212276,9193695,2570048,1.37E+07
2018.1.19,1830919,115979,1.13E+07,2327458,1.56E+07
2018.1.18,1850198,113262,1.15E+07,2593614,1.61E+07
2018.1.17,1867568,113295,1.24E+07,2474853,1.68E+07
2018.1.16,1808047,144959,1.25E+07,2459124,1.69E+07
2018.1.15,1785549,139675,1.31E+07,1817555,1.69E+07
2018.1.12,2123121,129979,1.57E+07,2961072,2.09E+07
2018.1.11,2289858,100180,1.06E+07,2731139,1.58E+07
2018.1.10,2004079,129422,1.11E+07,2921769,1.62E+07
2018.1.9,2062600,182836,1.21E+07,2552863,1.69E+07
2018.1.8,2250663,113840,1.06E+07,2064022,1.50E+07
2018.1.5,1720047,98298,1.03E+07,1977197,1.40E+07
2018.1.4,2439309,144815,1.04E+07,2291295,1.52E+07
2018.1.3,2078528,100548,1.02E+07,1768850,1.42E+07
2018.1.2,1569498,94920,8361395,1415545,1.14E+07
2017.12.28,1148938,152668,8099289,1549373,1.10E+07
2017.12.27,1855146,77829,8003621,1610895,1.15E+07
2017.12.26,1303152,156685,9526940,1317529,1.23E+07
2017.12.22,1015614,110227,8253443,1535046,1.09E+07
2017.12.21,1231789,125311,7933512,2076493,1.14E+07
2017.12.20,1061011,82529,8310147,1964947,1.14E+07
2017.12.19,1179835,126848,1.04E+07,2134248,1.39E+07
2017.12.18,1029949,73407,7326943,1722931,1.02E+07
2017.12.15,1123708,73672,7910652,3024748,1.21E+07
2017.12.14,3935243,109396,8322126,3057269,1.54E+07
2017.12.13,1082327,80242,7370118,2044689,1.06E+07
2017.12.12,1140397,65588,6741993,2491271,1.04E+07
2017.12.11,1184197,85289,6747248,1896256,9912990
2017.12.8,1232553,89290,8466633,2337227,1.21E+07
2017.12.7,1385547,275214,1.02E+07,2759510,1.46E+07
2017.12.6,1578637,85576,9986984,2466524,1.41E+07
2017.12.5,1354022,108406,9304139,2034147,1.28E+07
2017.12.4,1511893,107553,9188848,2209571,1.30E+07
2017.12.1,1398858,166186,8552183,2526329,1.26E+07
2017.11.30,1890182,105930,8792474,5748316,1.65E+07
2017.11.29,1186423,93347,8444097,2282318,1.20E+07
2017.11.28,1414398,100545,9209486,2410123,1.31E+07
2017.11.27,1520138,92991,8328955,2658163,1.26E+07
2017.11.24,983000,83370,8692805,1699925,1.15E+07
2017.11.23,1227542,175287,9823034,1705012,1.29E+07
2017.11.22,1610234,109481,1.24E+07,2807090,1.69E+07
2017.11.21,1609274,149103,1.30E+07,2333784,1.71E+07
2017.11.20,1622457,134475,8854243,1860748,1.25E+07
2017.11.17,1936720,117171,9368813,2288087,1.37E+07
2017.11.16,1668163,125288,9869035,1950343,1.36E+07
2017.11.15,1849814,170698,1.27E+07,2466070,1.72E+07
2017.11.14,1479000,154853,9211550,2319514,1.32E+07
2017.11.13,1734092,108298,8000459,2145305,1.20E+07
2017.11.10,1392267,104255,6510572,1965923,9973017
2017.11.9,2325471,82579,6710237,2262595,1.14E+07
2017.11.8,1586452,166269,7821666,1932047,1.15E+07
2017.11.7,1648343,219286,7227679,2047072,1.11E+07
2017.11.6,1875089,87329,6272169,1792037,1.00E+07
2017.11.3,1328491,114178,6543821,1919763,9906254
2017.11.2,1632372,86466,6810732,2020713,1.06E+07
2017.11.1,2046715,85458,6781116,2241370,1.12E+07
2017.10.31,2185418,96879,6978706,2222241,1.15E+07
2017.10.30,1993418,79985,6632180,1949567,1.07E+07
2017.10.27,1527478,65622,6197663,2209299,1.00E+07
2017.10.26,1904302,72088,7094031,2261553,1.13E+07
2017.10.25,1522958,66510,5777882,1695349,9062700
2017.10.24,1193484,64357,5905330,1660571,8823741
2017.10.23,1585418,46264,5166422,1340354,8138458
2017.10.20,1348411,54248,5921864,1925842,9250365
2017.10.19,1827630,119550,7184891,2076808,1.12E+07
2017.10.18,1537692,81199,6739446,2033678,1.04E+07
2017.10.17,1583845,77407,5974611,1906220,9542083
2017.10.16,1553757,82290,6231945,2202211,1.01E+07
2017.10.13,1742293,97074,7546872,2379528,1.18E+07
2017.10.12,2032687,82611,5582153,2035208,9732659
2017.10.11,1698469,334706,4881322,2153393,9067891
2017.10.10,1757770,53653,5048520,3480580,1.03E+07
2017.9.29,1146987,57056,4600752,2011620,7816415
2017.9.28,1324702,48236,4127382,2038715,7539035
2017.9.27,1085223,41195,4346230,2178175,7650823
2017.9.26,1283047,88697,5166009,2571319,9109072
2017.9.25,1209398,72917,5507880,1765201,8555396
2017.9.22,1630252,82805,6048618,2249990,1.00E+07
2017.9.21,1387927,191224,5980293,2218555,9777999
2017.9.20,1399753,94332,6832674,2043693,1.04E+07
2017.9.19,1290619,76743,5961368,1998536,9327266
2017.9.18,1375249,113589,6067146,1598342,9154326
2017.9.15,1367384,114814,6514760,2677769,1.07E+07
2017.9.14,2127759,332398,5679583,2464467,1.06E+07
2017.9.13,1287138,92104,6436565,1912166,9727974
2017.9.12,1044503,61157,5569921,1825912,8501493
2017.9.11,1002075,68853,5720197,1784832,8575957
2017.9.8,1153181,52165,5084553,1738862,8028761
2017.9.7,1078637,62726,4857458,1668637,7667457
2017.9.6,1176126,62955,4779940,2192632,8211654
2017.9.5,1059975,58331,5283303,1807715,8209325
2017.9.4,851672,68975,5233633,1374935,7529214
2017.9.1,1301863,68793,4642965,1735979,7749600
2017.8.31,1173925,67472,4599797,2368592,8209786
2017.8.30,952042,84963,4630586,1614761,7282351
2017.8.29,1088024,100697,4325794,1729369,7243884
2017.8.28,882322,61112,4211859,1392562,6547856
2017.8.25,941061,71089,4510795,1643908,7166852
2017.8.24,1191670,52623,4568565,1652347,7465204
2017.8.23,1046558,63319,4155615,1491578,6757070
2017.8.22,870607,69408,4329628,1435555,6705197
2017.8.21,935106,43069,3699754,1428451,6106381
2017.8.18,1073911,244989,3951368,1561754,6832022
2017.8.17,1409329,49084,4096713,1672954,7228079
2017.8.16,1498204,64305,4764292,2558845,8885646
2017.8.14,923652,50809,4241550,1919309,7135319
2017.8.11,1369102,61874,5090766,2650171,9171913
2017.8.10,1736020,131960,5415392,2184585,9467957
2017.8.9,1028756,58631,4710389,1919826,7717602
2017.8.8,1290667,73366,4281558,1566594,7212185
2017.8.7,1143488,50969,4278396,1405647,6878500
2017.8.4,1130701,48416,4668475,1908837,7756430
2017.8.3,1765295,70453,5573764,2290761,9700273
2017.8.2,1445646,63978,4942576,1632335,8084535
2017.8.1,1417953,60076,4930349,1864490,8272867
2017.7.31,1152170,62588,5107790,2181176,8503724
2017.7.28,1853930,122356,6203798,2628342,1.08E+07
2017.7.27,1219613,74784,5199224,1803435,8297056
2017.7.26,1462595,82807,6100284,2191882,9837567
2017.7.25,1243570,71121,5438949,2025551,8779190
2017.7.24,989896,59130,4853415,1722879,7625321
2017.7.21,1310021,76567,5213540,1703507,8303635
2017.7.20,1293397,139938,5583235,1679286,8695856
2017.7.19,1340506,71671,5209127,1666682,8287987
2017.7.18,1032284,74026,4999152,1756230,7861691
2017.7.17,1166176,67370,4401715,1662134,7297396
2017.7.14,1125660,280498,4919774,1703688,8029620
2017.7.13,1796224,75117,5365569,1899803,9136713
2017.7.12,1295007,438071,4805423,1685535,8224035
2017.7.11,1217428,57233,4554683,1648946,7478290
2017.7.10,1082143,82261,4636423,1731097,7531924
2017.7.7,1230797,504787,4558853,1793757,8088195
2017.7.6,1410493,58826,4238252,1600735,7308306
2017.7.5,1260577,67672,4678727,1467493,7474470
2017.7.4,1154342,158732,5233582,1447225,7993881
2017.7.3,1259852,59716,4770984,1461833,7552385
2017.6.30,1303368,55029,4510059,1898464,7766920
2017.6.29,1208306,72987,5269742,1666278,8217313
2017.6.28,1338717,116466,5545107,2074880,9075169
2017.6.27,1954494,570890,5358661,1742173,9626218
2017.6.26,1154400,67103,5642942,1386759,8251205
2017.6.23,1152203,155095,5209593,2011734,8528624
2017.6.22,1570455,418291,5972278,2138694,1.01E+07
2017.6.21,1385116,51458,6073774,2244217,9754564
2017.6.20,1841904,378567,6891253,1926574,1.10E+07
2017.6.19,1265587,91222,5860026,1597265,8814100
2017.6.16,1296958,55140,5520419,2589882,9462399
2017.6.15,1615956,77850,5754386,1821150,9269342
2017.6.14,1668006,73735,6380046,2153357,1.03E+07
2017.6.13,1297411,95953,6079304,1735786,9208454
2017.6.12,1679228,62612,5446018,1927751,9115610
2017.6.9,1651910,85220,6619332,2214639,1.06E+07
2017.6.8,2927208,69306,6478980,2791873,1.23E+07
2017.6.7,1476673,65277,5552969,2547520,9642439
2017.6.5,1412020,63018,5446103,1513350,8434492
2017.6.2,1523088,138704,5903001,1891487,9456279
2017.6.1,1266863,91072,5222920,1857163,8438018
2017.5.31,1210254,72808,5627270,4483356,1.14E+07
2017.5.30,1377222,80752,5681666,1436482,8576122
2017.5.29,1500634,80623,5450187,1467724,8499167
2017.5.26,1452880,62985,5427811,1972896,8916573
2017.5.25,1401987,88433,5797597,1876160,9164176
2017.5.24,1288448,114781,5440531,1945209,8788969
2017.5.23,1307206,71819,5362770,1895898,8637693
2017.5.22,1780560,64253,5070611,1766820,8682244
2017.5.19,1324984,72689,5391577,1977012,8766263
2017.5.18,1398009,80299,5401372,2168352,9048031
2017.5.17,1453072,69961,5185506,1848491,8557030
2017.5.16,1359744,440849,5641186,2289814,9731594
2017.5.15,999596,66702,4661609,1781864,7509771
2017.5.12,1445567,78414,5616877,2432821,9573679
2017.5.11,2163041,95320,6206502,2655887,1.11E+07
2017.5.10,2226783,84096,6477372,3608658,1.24E+07
2017.5.8,1309481,75846,5678404,2513444,9577175
2017.5.4,1053377,42337,3903318,1940414,6939446
2017.5.2,1092550,47769,4303468,1882322,7326108
2017.4.28,1529793,77407,4729334,2375234,8711768
2017.4.27,1560187,137352,5456701,2103848,9258089
2017.4.26,1167778,85628,5122487,1994974,8370868
2017.4.25,1331114,54005,4842621,1855215,8082955
2017.4.24,977492,66062,5037593,1404739,7485887
2017.4.21,1015237,65834,5150745,1808004,8039820
2017.4.20,1096533,86072,5614141,2033000,8829746
2017.4.19,1049312,61860,5484214,1893407,8488793
2017.4.18,956990,60506,5339694,1323912,7681102
2017.4.17,806830,41023,4938359,1066722,6852935
2017.4.14,640836,41398,5247194,906197,6835626
2017.4.13,1240637,48205,5334661,1580152,8203655
2017.4.12,829310,48284,4616794,1575442,7069830
2017.4.11,727940,72531,5469077,1749225,8018773
2017.4.10,751312,59651,5842097,1468615,8121675
2017.4.7,843088,147353,5061944,1687120,7739506
2017.4.6,895451,242354,5230697,1759476,8127978
2017.4.5,1064493,55328,5869086,1878101,8867009
2017.4.4,844200,172501,6325359,1727188,9069249
2017.4.3,775554,50808,5200201,1491629,7518192
2017.3.31,808104,44319,5060399,1850502,7763325
2017.3.30,920221,93804,5049581,1630860,7694467
2017.3.29,1050524,54093,5295464,2052810,8452891
2017.3.28,1007421,42415,5400420,1634733,8084988
2017.3.27,1056327,52283,5529475,1891817,8529901
2017.3.24,1024300,64593,5272078,1833656,8194627
2017.3.23,1066410,80327,5684375,1978537,8809649
2017.3.22,1346358,88204,4860720,2303937,8599220
2017.3.21,1320395,62227,5504052,1955240,8841915
2017.3.20,909022,61999,4573477,1559262,7103760
2017.3.17,1086833,46033,5175644,2047082,8355592
2017.3.16,1190525,56973,5701492,1642109,8591099
2017.3.15,1176672,50655,5935972,1619008,8782308
2017.3.14,1291854,49300,5616621,1824215,8781990
2017.3.13,1090095,53245,4941714,1324782,7409836
2017.3.10,1153774,41635,6019532,1728842,8943783
2017.3.9,1542158,31224,4497843,1634463,7705688
2017.3.8,1157979,38567,3847763,1670122,6714430
2017.3.7,783712,38462,4046748,1608038,6476959
2017.3.6,1205122,35401,4035653,1636810,6912986
2017.3.3,1280293,48575,4483587,2056635,7869090
2017.3.2,1909485,49755,4523015,2211079,8693335
2017.2.28,1182231,39009,4117233,2219369,7557842
2017.2.27,938660,44975,3801502,1590974,6376111
2017.2.24,1361892,57996,4760353,1723849,7904090
2017.2.23,1247963,45973,4128312,1731843,7154091
2017.2.22,1156207,252301,4563805,1352527,7324840
2017.2.21,946420,66477,4645214,1337744,6995855
2017.2.20,1026863,44307,4103338,1010545,6185052
2017.2.17,858280,79254,4954698,1793353,7685585
2017.2.16,1104858,44816,4509229,1576760,7235664
2017.2.15,961600,49621,4577769,1868112,7457102
2017.2.14,843525,55972,4325612,1820047,7045156
2017.2.13,755718,48934,4159886,1514061,6478599
2017.2.10,991686,57355,5255269,1922721,8227030
2017.2.9,1206338,40948,4302780,1810680,7360746
2017.2.8,1088850,45891,4194762,2039567,7369070
2017.2.7,974521,53097,4179027,1775938,6982583
2017.2.6,908422,45402,4094653,1431009,6479485
2017.2.3,1092995,53131,4934356,2034656,8115139
2017.2.2,1256937,60779,5596365,2028108,8942189
2017.2.1,890547,53606,4305108,1803798,7053058
2017.1.31,806658,34232,3895709,2344938,7081537
2017.1.26,1140049,49407,4280024,1630370,7099850
2017.1.25,1253689,46232,4424242,1511863,7236026
2017.1.24,758238,41876,4267467,1601566,6669147
2017.1.23,853085,36528,4266911,1233988,6390511
2017.1.20,820419,44385,4450818,1333682,6649303
2017.1.19,1060748,44896,4288546,1387169,6781358
2017.1.18,818567,34567,4431178,1335484,6619796
2017.1.17,978305,44974,4701108,1113044,6837431
2017.1.16,983457,37769,4741845,1515372,7278442
2017.1.13,831879,50750,5344978,1611414,7839022
2017.1.12,1102467,68417,5123659,1526952,7821496
2017.1.11,1082990,92182,5152000,1431583,7758756
2017.1.10,1088704,46444,4605847,1319202,7060197
2017.1.9,1222770,48074,4207751,1188641,6667236
2017.1.6,899866,53843,4393605,1189099,6536414
2017.1.5,1082619,59962,4459048,1792286,7393916
2017.1.4,1275934,57655,4479430,1243586,7056605
2017.1.3,1185148,46689,4459463,1006533,6697832
2017.1.2,814416,35305,3495659,603753,4949133
2016.12.29,997128,37272,3708200,909295,5651895
2016.12.28,1181986,80051,3861267,784497,5907803
2016.12.27,730001,94809,4738380,598430,6161620
2016.12.26,759320,75340,4854962,575122,6264744
2016.12.23,643553,90135,4354137,1110094,6197919
2016.12.22,799092,43047,4273262,1210732,6326132
2016.12.21,859098,83757,5024517,1108617,7075988
2016.12.20,811357,45336,4351427,1117808,6325927
2016.12.19,759229,51336,4262268,1056513,6129345
2016.12.16,911271,69927,4823990,1811274,7616462
2016.12.15,791835,59521,4213051,1225322,6289729
2016.12.14,986856,57224,4360708,1230118,6634905
2016.12.13,1054846,53131,5073118,1410527,7591622
2016.12.12,930415,49818,4430897,1263952,6675083
2016.12.9,800074,47446,4139923,1642654,6630096
2016.12.8,1195967,98094,4754060,1789878,7837999
2016.12.7,848812,69825,4069423,1469768,6457829
2016.12.6,900239,103639,3739864,1522191,6265933
2016.12.5,625091,37770,3737561,1255800,5656222
2016.12.2,813463,36025,3495976,1727124,6072588
2016.12.1,1003875,52802,3895164,1763745,6715586
2016.11.30,1211110,67791,3580170,3271834,8130905
2016.11.29,1008695,359887,4710479,1677478,7756540
2016.11.28,884572,33841,3497309,1226948,5642670
2016.11.25,732293,50616,3515162,1093501,5391571
2016.11.24,849478,52570,4278732,1327490,6508271
2016.11.23,995592,414317,4627500,1537516,7574925
2016.11.22,784636,316262,3974894,1515925,6591717
2016.11.21,740716,34116,3953306,1439840,6167978
2016.11.18,1212863,38297,4559585,1600587,7411332
2016.11.17,897756,49108,4219273,1166683,6332821
2016.11.16,1087269,58616,4611563,1754118,7511566
2016.11.15,1024015,47217,5415216,1842526,8328974
2016.11.14,971346,42580,4792758,1794095,7600779
2016.11.11,1115414,101379,5830980,2343079,9390852
2016.11.10,1731355,76499,6789402,1948913,1.05E+07
2016.11.9,1415862,66471,9311702,2426643,1.32E+07
2016.11.8,697393,35177,3900046,1178452,5811067
2016.11.7,624547,46179,3657862,1307866,5636454
2016.11.4,733157,44873,3495107,1328436,5601573
2016.11.3,799271,59095,4071656,1525723,6455746
2016.11.2,922670,52339,5113619,1576330,7664958
2016.11.1,856423,37963,4677495,1692072,7263954
2016.10.31,779148,53532,4792308,1675527,7300515
2016.10.28,824400,67842,4688123,1705581,7285947
2016.10.27,1020989,315616,4715860,1557927,7610392
2016.10.26,951691,58625,5821580,1773348,8605244
2016.10.25,1063821,62282,5558051,1821008,8505162
2016.10.24,799736,56309,4434030,1266604,6556680
2016.10.21,860058,34413,4318211,1213066,6425748
2016.10.20,1057758,55454,4509295,1283188,6905695
2016.10.19,1117489,55447,4192156,1329678,6694769
2016.10.18,874677,53662,4324696,1389754,6642789
2016.10.17,1013068,51809,4331927,1225613,6622417
2016.10.14,928520,42225,4682179,1562637,7215562
2016.10.13,1435377,55083,4390216,1558202,7438879
2016.10.12,868382,66042,4743250,2244838,7922512
2016.10.11,1086188,72317,5349252,2174902,8682659
2016.10.10,1084578,54455,4896804,1581291,7617128
2016.10.7,1146859,73223,5716044,1952899,8889025
2016.10.6,1330269,62923,5367831,1760082,8521106
2016.10.5,944992,54045,4716604,1591141,7306781
2016.10.4,881308,53732,5253500,1712243,7900783
2016.9.30,1238282,51512,6096152,1972133,9358079
2016.9.29,964046,55950,5717682,1268684,8006361
2016.9.28,759530,62552,5218279,1329029,7369390
2016.9.27,737105,54734,6253962,1305114,8350915
2016.9.26,898974,91996,5632146,1207333,7830449
2016.9.23,977330,61490,5882614,1422216,8343650
2016.9.22,952418,86236,6282715,1263246,8584615
2016.9.21,865609,64509,5587206,1289695,7807019
2016.9.20,1108529,48303,4918896,1444509,7520236
2016.9.19,1067177,44237,4954267,2021251,8086932
2016.9.13,1474344,40640,4871433,1902312,8288728
2016.9.12,1118792,60126,5935410,1700281,8814609
2016.9.9,1100509,68695,6048850,1420748,8638802
2016.9.8,1453154,53377,7710500,1645653,1.09E+07
2016.9.7,1161979,76528,5822081,1332760,8393348
2016.9.6,1159573,61704,5073760,1009121,7304158
2016.9.5,831132,69337,4900867,933004,6734340
2016.9.2,959954,48586,4468541,1113916,6590996
2016.9.1,1073785,48335,4372105,1542308,7036533
2016.8.31,1060024,68111,4913820,2254212,8296167
2016.8.30,869683,51022,4499943,1090376,6511024
2016.8.29,992947,58748,5005482,1177774,7234952
2016.8.26,796304,41102,4335818,1623255,6796478
2016.8.25,951552,57049,4558816,1689996,7257412
2016.8.24,1040024,77826,4848684,1490661,7457195
2016.8.23,1095301,92471,5159634,1415272,7762679
2016.8.22,1064990,73647,4950018,1399979,7488634
2016.8.19,1371515,83191,5170255,1516327,8141288
2016.8.18,1274128,92842,5684842,1550631,8602444
2016.8.17,882761,62423,5521048,1531972,7998203
2016.8.16,889807,48092,5111966,1673083,7722947
2016.8.12,1127462,67378,5599946,1365290,8160076
2016.8.11,1195124,80881,5775228,1280468,8331701
2016.8.10,1376334,69570,5909331,1325956,8681192
2016.8.9,1105751,59274,5564587,1276073,8005685
2016.8.8,1124341,70365,4991318,1414790,7600814
2016.8.5,1249112,61286,5721021,1220001,8251419
2016.8.4,1078344,56715,5510859,1150795,7796713
2016.8.3,1264179,66095,5340869,1400684,8071826
2016.8.2,1188836,105275,5934756,1232898,8461766
2016.8.1,1425639,79721,5607586,1456021,8568966
2016.7.29,1482299,61013,5491443,1731664,8766419
2016.7.28,1116386,71542,5352203,1423960,7964091
2016.7.27,1193632,75798,5530081,1275423,8074934
2016.7.26,1059468,106362,5324246,1217229,7707306
2016.7.25,1156561,62351,5202832,1118700,7540443
2016.7.22,1000096,68076,5545193,1256977,7870341
2016.7.21,1061237,72580,5998248,1272292,8404356
2016.7.20,945981,66407,5490361,1203103,7705852
2016.7.19,1129786,59410,5536177,1191226,7916600
2016.7.18,957576,65585,5494436,1148760,7666356
2016.7.15,1265363,78514,6873082,1325642,9542601
2016.7.14,1238123,76177,6334366,1285490,8934155
2016.7.13,1282072,75900,6425404,1316317,9099694
2016.7.12,936750,83510,6141173,1282430,8443863
2016.7.11,956310,69116,5608645,1324269,7958341
2016.7.8,1054834,56627,5877098,1521485,8510044
2016.7.7,826204,91265,6259855,1122524,8299849
2016.7.6,1043259,72548,6322906,1834002,9272714
2016.7.5,948351,75161,5970290,1031435,8025238
2016.7.4,1012309,110489,6317244,1097288,8537330
2016.7.1,973734,60045,6066015,1080284,8180079
2016.6.30,1203403,300390,6563140,1527743,9594676
2016.6.29,945746,112797,6509010,1343662,8911215
2016.6.28,833102,67010,5831409,1649554,8381074
2016.6.27,915214,70502,6282965,1701087,8969767
2016.6.24,1519315,82767,1.10E+07,2792517,1.54E+07
2016.6.23,723555,49837,5868201,1320044,7961638
2016.6.22,756837,67887,5533711,1356901,7715337
2016.6.21,795861,52514,5862159,1322984,8033519
2016.6.20,725249,52588,5009995,1319454,7107286
2016.6.17,817824,48318,5826794,1693655,8386591
2016.6.16,1023264,101209,6502485,1410106,9037064
2016.6.15,1067326,199067,5390901,1461993,8119288
2016.6.14,1137207,46971,5821235,1491203,8496616
2016.6.13,1006628,69801,5568652,1532047,8177128
2016.6.10,1251204,79472,5952808,1291912,8575396
2016.6.9,2487801,178699,7799350,2208887,1.27E+07
2016.6.8,1249582,77179,6811812,1687432,9826005
2016.6.7,966739,79799,6046523,1859222,8952283
2016.6.3,848628,218001,6496808,1815650,9379086
2016.6.2,1240145,242839,6253896,1499226,9236106
2016.6.1,1345985,56526,5736589,1456980,8596080
2016.5.31,1010113,56621,5655813,4956050,1.17E+07
2016.5.30,981464,50895,5627681,1223167,7883206
2016.5.27,858828,67382,5730835,1449392,8106436
2016.5.26,736544,54780,6711901,1351595,8854820
2016.5.25,868410,88256,7971576,1406708,1.03E+07
2016.5.24,760085,56867,7153448,1413834,9384234
2016.5.23,727794,58361,5927108,1042321,7755584
2016.5.20,639905,47935,6067831,1390130,8145801
2016.5.19,910026,53606,6773418,1481170,9218221
2016.5.18,1050333,62495,7483407,1661798,1.03E+07
2016.5.17,876097,58913,6998521,1330036,9263566
2016.5.16,777851,62302,5997386,1363071,8200611
2016.5.13,875259,65704,5192982,1516908,7650854
2016.5.12,943826,108077,4790563,1160024,7002490
2016.5.11,1089111,52017,5028566,1344078,7513772
2016.5.10,889892,53116,5300105,1518260,7761374
2016.5.9,1067835,62622,4916664,2227957,8275078
2016.5.4,1568713,67226,5410413,1613047,8659398
2016.5.3,1033189,58575,5140758,1189976,7422499
2016.5.2,967334,66243,5272926,1056488,7362990
2016.4.29,1121376,68112,5650595,1667456,8507539
2016.4.28,1222527,65070,5596565,2020342,8904504
2016.4.27,1180601,85451,6347764,1433970,9047785
2016.4.26,995046,78925,6737254,1450285,9261511
2016.4.25,970688,82131,5690035,1050158,7793013
2016.4.22,1063061,67756,5544344,1115143,7790304
2016.4.21,1179070,114007,6207528,1282894,8783499
2016.4.20,1041937,76911,5739710,1333801,8192359
2016.4.19,1000128,75710,5403356,1260843,7740037
2016.4.18,1150823,73286,5349272,1196424,7769805
2016.4.15,1163925,86124,5221744,1408045,7879837
2016.4.14,1418034,90191,6507569,1963176,9978970
2016.4.12,958340,66517,5176078,1094094,7295029
2016.4.11,949850,73134,5000750,1071911,7095645
2016.4.8,1186869,76722,5397018,1180363,7840972
2016.4.7,1259677,80820,5888171,1254037,8482704
2016.4.6,1364790,292988,5139921,1299098,8096796
2016.4.5,979056,63435,4626614,1428188,7097293
2016.4.4,1174931,64924,4849179,1167798,7256832
2016.4.1,1256574,170078,4789791,1948236,8164679
2016.3.31,1110266,87303,4505601,2455810,8158981
2016.3.30,1124306,107892,4975301,1485170,7692668
2016.3.29,1017909,106272,4935341,1116784,7176305
2016.3.28,923810,70796,4772759,727363,6494729
2016.3.25,909455,66097,5065843,844673,6886069
2016.3.24,1070126,68600,4709701,1208673,7057099
2016.3.23,895484,62212,5296514,1342258,7596468
2016.3.22,1058137,68714,5258091,1425082,7810026
2016.3.21,1205958,48419,4716380,1262059,7232816
2016.3.18,1280735,56618,4863006,1795803,7996161
2016.3.17,1277556,416979,4970490,1410501,8075526
2016.3.16,1093790,68371,4755110,1221170,7138441
2016.3.15,999981,63126,4330501,1303874,6697482
2016.3.14,1240608,62944,4399928,1238738,6942218
2016.3.11,1150283,62598,4433815,1358129,7004825
2016.3.10,1768520,80294,4892880,1460589,8202284
2016.3.9,1074666,67700,4543838,1381022,7067226
2016.3.8,1208688,84987,5183186,1593891,8070752
2016.3.7,1288487,70718,5169537,1459666,7988408
2016.3.4,1163038,115874,4965049,1479112,7723072
2016.3.3,1386435,119077,5586028,1404890,8496430
2016.3.2,1320562,80169,5246172,1580857,8227761
2016.2.29,1247513,60311,4285534,1863764,7457122
2016.2.26,1095355,641231,4245766,1280904,7263256
2016.2.25,1002113,258155,4649511,1299063,7208843
2016.2.24,861921,51574,4323847,1233696,6471038
2016.2.23,1016695,61964,5045561,1352705,7476925
2016.2.22,873288,57294,4225336,1152309,6308227
2016.2.19,989459,51026,4366075,1321087,6727647
2016.2.18,1116368,58029,4979170,1765230,7918796
2016.2.17,1251507,53318,5218287,1735298,8258410
2016.2.16,1036391,56151,4687935,1251578,7032056
2016.2.15,1140902,61756,4841326,1592704,7636689
2016.2.12,1289039,558999,7531270,2513505,1.19E+07
2016.2.11,1071453,67949,5205199,2051042,8395642
2016.2.5,1061280,512439,4562206,1506600,7642525
2016.2.4,1123390,64125,5520671,1625792,8333979
2016.2.3,1068972,72412,5082906,1621052,7845342
2016.2.2,1025830,57020,5305998,1480728,7869576
2016.2.1,1123955,61775,5313239,1541462,8040431
2016.1.29,1322816,72831,5735933,2330840,9462420
2016.1.28,1179495,1599587,4829962,1612395,9221440
2016.1.27,1326463,79223,5684129,1597783,8687598
2016.1.26,1134191,68294,4986472,1448314,7637270
2016.1.25,832949,59929,4908701,1331736,7133315
2016.1.22,785631,60607,5477428,1512988,7836655
2016.1.21,840924,58164,5589197,1623625,8111910
2016.1.20,1194026,87709,6957151,1605544,9844430
2016.1.19,969271,80021,5771007,1549827,8370126
2016.1.18,859843,90745,5051167,1648915,7650670
2016.1.15,1158495,78775,5768859,1744069,8750198
2016.1.14,1015007,67384,5286779,1811138,8180309
2016.1.13,829263,70660,5192772,1348666,7441361
2016.1.12,831670,62802,4872966,1437866,7205303
2016.1.11,845683,381871,5178371,1539937,7945861
2016.1.8,920771,75479,6281246,1645966,8923463
2016.1.7,970582,73586,6052354,1702642,8799164
2016.1.6,1386166,355757,7078109,1590270,1.04E+07
2016.1.5,958744,82260,4950483,1501158,7492645
2016.1.4,1214565,54583,4653874,1165184,7088206
2015.12.30,1172029,49779,4389407,933588,6544803
2015.12.29,1125331,69013,4726052,840260,6760656
2015.12.28,765934,107850,5073485,833733,6781003
2015.12.24,745813,108110,5374422,673551,6901897
2015.12.23,686215,93223,6097721,1283167,8160327
2015.12.22,792166,79872,6026293,1131299,8029630
2015.12.21,684069,82282,4571734,975769,6313854
2015.12.18,656434,188770,4737267,1449093,7031565
2015.12.17,738288,69077,4919060,1342306,7068731
2015.12.16,764450,115767,4807106,1424245,7111568
2015.12.15,664552,46554,4168222,1319764,6199093
2015.12.14,823319,61113,4760148,1539321,7183901
2015.12.11,849650,62295,4803569,1539541,7255055
2015.12.10,1014736,191745,5548718,1819126,8574326
2015.12.9,596837,58255,5080699,1384350,7120142
2015.12.8,638686,68119,5243629,1320669,7271103
2015.12.7,617201,65709,4450550,1238119,6371579
2015.12.4,531191,36186,4505262,1442996,6515634
2015.12.3,732685,56892,4630655,1288113,6708346
2015.12.2,759193,70500,5761331,1481090,8072114
2015.12.1,813165,59531,5550384,1634382,8057461
2015.11.30,996081,89952,4898659,4055653,1.00E+07
2015.11.27,755898,67113,5169302,1095350,7087663
2015.11.26,900308,99655,5635983,1108038,7743983
2015.11.25,840457,89731,5642783,1405174,7978145
2015.11.24,836549,74597,5224613,1503721,7639480
2015.11.23,764729,74694,5546118,1296059,7681600
2015.11.20,735513,80799,5514542,1259746,7590600
2015.11.19,954582,79308,6491231,1475075,9000195
2015.11.18,888587,80966,6128031,1427349,8524933
2015.11.17,850373,56109,5295904,1601889,7804274
2015.11.16,935078,56559,5271958,2109412,8373007
2015.11.13,839172,53397,5428175,1495137,7815880
2015.11.12,778686,53611,5244437,1141765,7218500
2015.11.11,864842,49428,5093647,1341960,7349877
2015.11.10,1197242,387143,6607366,1483906,9675657
2015.11.9,1105961,107404,7523349,1278014,1.00E+07
2015.11.6,945607,87714,6601545,1248515,8883381
2015.11.5,988696,65536,5349248,1259976,7663456
2015.11.4,1211078,86257,5844371,1481370,8623076
2015.11.3,1303689,93345,6199913,1734497,9331445
2015.11.2,1224900,56698,4980519,1720725,7982841
2015.10.30,1426345,96464,6172912,2359093,1.01E+07
2015.10.29,1824034,87600,6128242,1882701,9922577
2015.10.28,1000624,107421,6315499,1714657,9138201
2015.10.27,754762,63501,5573141,1305552,7696955
2015.10.26,891406,63741,5978344,1211704,8145195
2015.10.23,952957,72709,6422052,1569367,9017084
2015.10.22,1321370,74303,6603895,1669800,9669367
2015.10.21,1079188,69538,6412933,1358436,8920096
2015.10.20,780447,65634,6091220,1299967,8237269
2015.10.19,799322,70129,5370735,1129467,7369653
2015.10.16,812273,75272,5451589,2113381,8452514
2015.10.15,914568,57491,5274220,1314062,7560340
2015.10.14,984246,57568,5581943,1388920,8012677
2015.10.13,1093676,55384,5588381,1580633,8318074
2015.10.12,1124963,59085,5506000,1898267,8588313
2015.10.8,1213210,53197,6119028,1869930,9255365
2015.10.7,1126501,67568,6637947,1811470,9643486
2015.10.6,896233,173795,6350653,1629994,9050675
2015.10.5,811117,53815,5505045,1425936,7795913
2015.10.2,865543,66505,6057893,1603788,8593730
2015.10.1,770848,68150,6006649,1534549,8380197
2015.9.30,1013079,63985,5013801,2622808,8713674
2015.9.25,841868,46990,4866896,1480938,7236692
2015.9.24,818132,563738,5968211,1392980,8743061
2015.9.23,1011688,348718,6270420,1932706,9563531
2015.9.22,875060,67426,6299285,1303656,8545427
2015.9.21,786630,73482,5259820,1259844,7379776
2015.9.18,1184303,85843,7137273,2767441,1.12E+07
2015.9.17,1124357,69563,6184776,1779003,9157699
2015.9.16,951670,87795,6231464,1658090,8929020
2015.9.15,679930,55687,4523479,1446894,6705990
2015.9.14,884668,51567,4477580,1241296,6655111
2015.9.11,1054836,64244,5171291,1301835,7592206
2015.9.10,1161475,78266,5089338,1786147,8115226
2015.9.9,968101,87549,5258379,1685658,7999687
2015.9.8,1070137,52837,5195326,1333245,7651544
2015.9.7,735429,49479,4161173,1355068,6301149
2015.9.4,1203212,78052,5570562,1429960,8281786
2015.9.3,1130689,71215,5021693,1542182,7765779
2015.9.2,1076851,66585,5382488,1697088,8223013
2015.9.1,1209654,54932,5039337,1443804,7747727
2015.8.31,1121435,65545,4800008,2514550,8501538
2015.8.28,1284774,105108,5838290,1899421,9127593
2015.8.27,1362063,82112,6013023,2274099,9731297
2015.8.26,1215049,84009,6327793,2560516,1.02E+07
2015.8.25,1271520,79931,6118195,2555616,1.00E+07
2015.8.24,1134728,76579,5372959,2676583,9260848
2015.8.21,1124232,81497,7194560,2182444,1.06E+07
2015.8.20,1019457,54984,5154277,1890894,8119611
2015.8.19,1855230,96291,7038325,2164329,1.12E+07
2015.8.18,1303139,63460,5951495,1627063,8945158
2015.8.17,810048,79666,5007234,1735578,7632526
2015.8.13,1078570,75263,5635162,1744804,8533799
2015.8.12,1652096,90105,7135163,2012233,1.09E+07
2015.8.11,1050811,62777,6254657,1595097,8963342
2015.8.10,1065470,76284,5282073,1155376,7579203
2015.8.7,1101132,77783,5228504,1589836,7997255
2015.8.6,1451541,84472,5896925,1813092,9246030
2015.8.5,1139932,66425,5661178,1464500,8332034
2015.8.4,1048944,75381,4932538,1671235,7728098
2015.8.3,1267359,56957,4825548,1674128,7823992
2015.7.31,1515072,71880,5717780,1991373,9296106
2015.7.30,1586970,103831,7012323,1890727,1.06E+07
2015.7.29,1412662,103342,7499653,1738280,1.08E+07
2015.7.28,1346960,129739,7167180,2092900,1.07E+07
2015.7.27,1384806,90758,7002429,1890135,1.04E+07
2015.7.24,1230342,99217,7490947,1745483,1.06E+07
2015.7.23,1315264,91028,7286247,1614507,1.03E+07
2015.7.22,1295968,112884,7739006,1920454,1.11E+07
2015.7.21,1275442,101821,7617621,1585869,1.06E+07
2015.7.20,1258073,116957,7675942,1294629,1.03E+07
2015.7.17,1719420,173647,9941223,1700920,1.35E+07
2015.7.16,1216861,367148,9100729,1720447,1.24E+07
2015.7.15,1460109,119581,8723709,1463512,1.18E+07
2015.7.14,1424859,110747,7558496,1722648,1.08E+07
2015.7.13,1356666,136314,6913796,1424205,9830982
2015.7.10,1404301,94871,7442368,1763210,1.07E+07
2015.7.9,1675427,96363,7846979,1960871,1.16E+07
2015.7.8,1476214,135618,8422500,2342861,1.24E+07
2015.7.7,1747006,104293,1.08E+07,2157544,1.48E+07
2015.7.6,1331406,103989,8361759,1644889,1.14E+07
2015.7.3,1287219,134839,8165637,1317699,1.09E+07
2015.7.2,1528772,147729,8537010,1827117,1.20E+07
2015.7.1,1231816,112334,7475127,1491472,1.03E+07
2015.6.30,1108113,84575,6652207,1966266,9811161
2015.6.29,1277200,76987,7255977,1696862,1.03E+07
2015.6.26,1283728,129061,8097644,1770823,1.13E+07
2015.6.25,1222838,113084,7356221,1607347,1.03E+07
2015.6.24,1234860,93363,6656535,1403172,9387930
2015.6.23,1174797,96392,6708071,1516415,9495674
2015.6.22,1104258,64048,5543487,1367012,8078805
2015.6.19,1216862,114227,6438206,1977960,9747255
2015.6.18,1319883,99379,6475784,1573267,9468313
2015.6.17,1072801,90783,6023651,1863186,9050421
2015.6.16,1541019,85034,6805054,2021945,1.05E+07
2015.6.15,1314208,75370,5518122,1423309,8331009
2015.6.12,1509081,79133,6565060,1852222,1.00E+07
2015.6.11,2196134,87635,6970111,2238691,1.15E+07
2015.6.10,1509473,93439,6955715,1836329,1.04E+07
2015.6.9,1355878,94965,6556476,1601509,9608828
2015.6.8,1194579,76206,6591872,1511146,9373803
2015.6.5,1492180,84803,7290404,1610088,1.05E+07
2015.6.4,2179734,127146,7527372,1959290,1.18E+07
2015.6.3,1374657,87242,8486287,2038906,1.20E+07
2015.6.2,1723367,117314,8101974,1903098,1.18E+07
2015.6.1,1555433,277785,6855835,1699237,1.04E+07
2015.5.29,1457692,149042,7443511,3374076,1.24E+07
2015.5.28,1705387,128445,7336209,1628264,1.08E+07
2015.5.27,1810224,101433,7318164,2379619,1.16E+07
2015.5.26,1403262,142222,7056351,1811495,1.04E+07
2015.5.22,1285657,106287,7564659,1493680,1.05E+07
2015.5.21,1454350,130208,7288521,1418545,1.03E+07
2015.5.20,1283277,118711,8268357,1443879,1.11E+07
2015.5.19,1350909,109070,7202324,1647325,1.03E+07
2015.5.18,1351305,97887,7313742,1564748,1.03E+07
2015.5.15,1347428,752859,6622931,1528484,1.03E+07
2015.5.14,1291913,109180,6217592,1496779,9115464
2015.5.13,1184119,92699,6557196,1523819,9357833
2015.5.12,1125296,77829,6114473,1646077,8963675
2015.5.11,1111317,78173,5399985,1444968,8034443
2015.5.8,1227521,76693,5158839,1447370,7910423
2015.5.7,1325017,92789,5822045,1657303,8897154
2015.5.6,1325536,76665,5659452,1886159,8947812
2015.5.4,1062387,76014,5166217,1463017,7767636
2015.4.30,1480091,98177,6244655,2153320,9976243
2015.4.29,1492557,131485,7196445,1859383,1.07E+07
2015.4.28,1359002,109769,7572862,1769253,1.08E+07
2015.4.27,1654933,78828,6116133,1654631,9504525
2015.4.24,2371682,138764,8185329,1972233,1.27E+07
2015.4.23,2013799,142297,9370165,1779065,1.33E+07
2015.4.22,2000796,146580,1.20E+07,1871906,1.60E+07
2015.4.21,1789256,107532,8456446,1631880,1.20E+07
2015.4.20,1800219,143256,8027824,1634768,1.16E+07
2015.4.17,1541526,128182,7942456,1678886,1.13E+07
2015.4.16,1735894,167082,8366623,1596768,1.19E+07
2015.4.15,1886996,115590,7818741,1543844,1.14E+07
2015.4.14,1966720,152614,9592882,1720947,1.34E+07
2015.4.13,1744582,114079,8175451,1617897,1.17E+07
2015.4.10,1374065,126563,7506486,1628511,1.06E+07
2015.4.9,1432192,186496,6563686,1637192,9819566
2015.4.8,1328188,111890,7261359,1590776,1.03E+07
2015.4.7,1255827,139592,6064510,1121987,8581916
2015.4.6,1271069,81153,5762277,860633,7975132
2015.4.3,981100,103559,5904397,795349,7784405
2015.4.2,1362860,124443,6756985,1438108,9682395
2015.4.1,1272356,83773,5614040,1362861,8333029
2015.3.31,1132495,92964,5938623,1562714,8726796
2015.3.30,1089276,79634,4881308,1139002,7189219
2015.3.27,1269577,124013,5296680,1635573,8325843
2015.3.26,1373524,98032,5466351,1811945,8749852
2015.3.25,1308285,137983,5856131,1289804,8592204
2015.3.24,1148741,87812,4833983,1256586,7327123
2015.3.23,1183395,142940,5150961,1222360,7699655
2015.3.20,1276522,92890,5460563,1736218,8566193
2015.3.19,1779658,123157,5789266,1400105,9092186
2015.3.18,1680108,105694,5580229,1421428,8787458
2015.3.17,1286433,89576,5445428,1436188,8257625
2015.3.16,1173318,67229,4957588,1463462,7661597
2015.3.13,1121916,73982,4900811,1266864,7363572
2015.3.12,1984527,82539,4883230,2229768,9180064
2015.3.11,1874303,84651,4747761,1753636,8460351
2015.3.10,1305394,75936,5022492,1317808,7721630
2015.3.9,1117825,56398,4438537,1230613,6843373
2015.3.6,1247319,88149,5481028,1069924,7886421
2015.3.5,1050852,108948,4592354,1136329,6888483
2015.3.4,1339029,84130,5067014,1242778,7732950
2015.3.3,1399937,73102,5293034,1460664,8226736
2015.3.2,1452457,79765,5384059,1725894,8642173
2015.2.27,1288024,79042,5143249,2112934,8623249
2015.2.26,1336162,79794,5339130,1373342,8128427
2015.2.25,1179642,120245,5307052,1326486,7933426
2015.2.24,956421,76910,4730026,1449470,7212827
2015.2.23,826012,94633,4490992,1637055,7048693
2015.2.17,874519,87008,4791055,954576,6707158
2015.2.16,1020240,89210,4977758,855675,6942883
2015.2.13,978003,83322,5252262,1115785,7429371
2015.2.12,1032268,71377,4789968,1498016,7391629
2015.2.11,1045066,90900,4649767,1332672,7118405
2015.2.10,1054189,73262,4612996,1432190,7172637
2015.2.9,1168993,81578,4945910,1430090,7626571
2015.2.6,1262596,79270,6054566,1603871,9000303
2015.2.5,1147266,74589,4597486,1381794,7201135
2015.2.4,1193099,80026,5019698,1465449,7758271
2015.2.3,1297798,75105,4840908,1315178,7528988
2015.2.2,1017245,85247,4405054,1342398,6849944
2015.1.30,1359416,102027,4999641,1990914,8451998
2015.1.29,1245942,75092,5024494,1680275,8025803
2015.1.28,1249661,97007,5163975,1487398,7998041
2015.1.27,1189856,95721,5586884,1426958,8299420
2015.1.26,1139692,76973,4339582,1312724,6868971
2015.1.23,1176776,77626,4964821,1459548,7678771
2015.1.22,1299351,76535,5065865,1453335,7895085
2015.1.21,1131073,91432,4845859,1356594,7424957
2015.1.20,817282,56670,4580058,1065770,6519781
2015.1.19,825941,59116,4211323,996670,6093050
2015.1.16,1052300,75554,4165359,1448948,6742162
2015.1.15,849641,54040,4250160,1463678,6617520
2015.1.14,1101784,70099,4276303,1553187,7001373
2015.1.13,1399089,168132,4684811,1516261,7768294
2015.1.12,798260,71011,4278105,1094761,6242136
2015.1.9,897292,70705,5008647,1283889,7260533
2015.1.8,988758,113999,4462904,1445000,7010660
2015.1.7,850077,61487,4470701,1422085,6804350
2015.1.6,1121190,66938,4501001,1649526,7338655
2015.1.5,1278060,74157,4573967,1131625,7057809
2015.1.2,1028760,74140,3669715,844978,5617592